-- phpMyAdmin SQL Dump
-- version 4.7.4
-- https://www.phpmyadmin.net/
--
-- Servidor: 127.0.0.1
-- Tiempo de generación: 24-11-2017 a las 19:20:54
-- Versión del servidor: 10.1.28-MariaDB
-- Versión de PHP: 7.1.10

SET SQL_MODE = "NO_AUTO_VALUE_ON_ZERO";
SET AUTOCOMMIT = 0;
START TRANSACTION;
SET time_zone = "+00:00";


/*!40101 SET @OLD_CHARACTER_SET_CLIENT=@@CHARACTER_SET_CLIENT */;
/*!40101 SET @OLD_CHARACTER_SET_RESULTS=@@CHARACTER_SET_RESULTS */;
/*!40101 SET @OLD_COLLATION_CONNECTION=@@COLLATION_CONNECTION */;
/*!40101 SET NAMES utf8mb4 */;

--
-- Base de datos: `puntovent`
--

-- --------------------------------------------------------

--
-- Estructura de tabla para la tabla `almacen`
--

CREATE TABLE `almacen` (
  `idalmacen` int(11) NOT NULL,
  `codigo` varchar(45) NOT NULL,
  `nombre` varchar(45) NOT NULL
) ENGINE=InnoDB DEFAULT CHARSET=utf8;

--
-- Volcado de datos para la tabla `almacen`
--

INSERT INTO `almacen` (`idalmacen`, `codigo`, `nombre`) VALUES
(1, 'AML', 'Almacen Local');

-- --------------------------------------------------------

--
-- Estructura de tabla para la tabla `clipro`
--

CREATE TABLE `clipro` (
  `idclipro` int(11) NOT NULL,
  `codigo` varchar(55) NOT NULL,
  `nombreC` varchar(55) NOT NULL,
  `giro` varchar(45) DEFAULT NULL,
  `direccion` varchar(45) DEFAULT NULL,
  `calle` varchar(45) DEFAULT NULL,
  `noInt` int(11) DEFAULT NULL,
  `noExt` int(11) DEFAULT NULL,
  `colonia` varchar(100) DEFAULT NULL,
  `cp` int(11) DEFAULT NULL,
  `ciudad` varchar(100) DEFAULT NULL,
  `estado` varchar(100) DEFAULT NULL,
  `pais` varchar(45) DEFAULT NULL,
  `rfc` varchar(13) DEFAULT NULL,
  `correo` varchar(55) DEFAULT NULL,
  `tipo` tinyint(4) NOT NULL
) ENGINE=InnoDB DEFAULT CHARSET=utf8;

--
-- Volcado de datos para la tabla `clipro`
--

INSERT INTO `clipro` (`idclipro`, `codigo`, `nombreC`, `giro`, `direccion`, `calle`, `noInt`, `noExt`, `colonia`, `cp`, `ciudad`, `estado`, `pais`, `rfc`, `correo`, `tipo`) VALUES
(5, 'PVR', 'Proveedor', 'Otros servicios', '', '', 0, 0, '', 0, '', 'Veracruz', 'Mexico', '', '', 2),
(6, 'CDM', 'Cliente de Mostrador', 'Otros servicios', ' ', '', 0, 0, '', 0, '', 'Veracruz', 'Mexico', '', '', 1);

-- --------------------------------------------------------

--
-- Estructura de tabla para la tabla `compra`
--

CREATE TABLE `compra` (
  `idcompra` int(11) NOT NULL,
  `cantidad` int(11) NOT NULL,
  `fecha` timestamp NOT NULL DEFAULT CURRENT_TIMESTAMP,
  `producto_idproducto` int(11) NOT NULL,
  `clipro_idclipro` int(11) NOT NULL
) ENGINE=InnoDB DEFAULT CHARSET=utf8;

--
-- Volcado de datos para la tabla `compra`
--

INSERT INTO `compra` (`idcompra`, `cantidad`, `fecha`, `producto_idproducto`, `clipro_idclipro`) VALUES
(1, 2, '2017-11-08 18:47:48', 2, 5),
(2, 30, '2017-11-08 18:47:59', 1, 5),
(3, 30, '2017-11-08 18:48:02', 2, 5),
(4, 30, '2017-11-08 18:48:06', 3, 5),
(5, 30, '2017-11-08 18:48:08', 4, 5),
(6, 30, '2017-11-08 18:48:10', 5, 5),
(7, 30, '2017-11-08 18:48:13', 6, 5);

--
-- Disparadores `compra`
--
DELIMITER $$
CREATE TRIGGER `compra_AFTER_INSERT` AFTER INSERT ON `compra` FOR EACH ROW BEGIN

UPDATE producto
SET stock = stock + NEW.cantidad
WHERE idproducto = NEW.producto_idproducto;

END
$$
DELIMITER ;

-- --------------------------------------------------------

--
-- Estructura de tabla para la tabla `garantia`
--

CREATE TABLE `garantia` (
  `idgarantia` int(11) NOT NULL,
  `codigo` varchar(255) NOT NULL,
  `nombre` varchar(45) NOT NULL
) ENGINE=InnoDB DEFAULT CHARSET=utf8;

--
-- Volcado de datos para la tabla `garantia`
--

INSERT INTO `garantia` (`idgarantia`, `codigo`, `nombre`) VALUES
(1, 'NGA', 'Ninguna');

-- --------------------------------------------------------

--
-- Estructura de tabla para la tabla `login`
--

CREATE TABLE `login` (
  `idlogin` int(11) NOT NULL,
  `fechaEnt` timestamp NOT NULL DEFAULT CURRENT_TIMESTAMP,
  `fechaSal` timestamp NOT NULL DEFAULT CURRENT_TIMESTAMP ON UPDATE CURRENT_TIMESTAMP,
  `dineroEnt` decimal(9,2) DEFAULT NULL,
  `dineroSal` decimal(9,2) DEFAULT NULL,
  `usuario_idusuario` int(11) NOT NULL
) ENGINE=InnoDB DEFAULT CHARSET=utf8;

--
-- Volcado de datos para la tabla `login`
--

INSERT INTO `login` (`idlogin`, `fechaEnt`, `fechaSal`, `dineroEnt`, `dineroSal`, `usuario_idusuario`) VALUES
(34, '2017-10-25 04:51:02', '2017-10-25 04:51:12', NULL, NULL, 1),
(35, '2017-10-25 15:32:46', '2017-10-25 15:35:01', '5345.00', NULL, 2),
(36, '2017-10-25 15:40:31', '2017-10-25 15:40:31', NULL, NULL, 2),
(37, '2017-10-25 15:43:22', '2017-10-25 15:49:15', NULL, NULL, 1),
(38, '2017-10-25 15:51:10', '2017-10-25 15:56:25', NULL, NULL, 1),
(39, '2017-10-25 15:56:36', '2017-10-25 15:57:07', NULL, NULL, 1),
(40, '2017-10-25 16:07:03', '2017-10-25 16:07:03', NULL, NULL, 1),
(41, '2017-10-25 16:07:21', '2017-10-25 16:07:21', NULL, NULL, 1),
(42, '2017-10-25 16:19:46', '2017-10-25 16:19:46', NULL, NULL, 1),
(43, '2017-10-25 16:19:55', '2017-10-25 16:19:59', '423432.00', NULL, 2),
(44, '2017-10-25 16:20:04', '2017-10-25 16:20:04', NULL, NULL, 1),
(45, '2017-10-25 16:22:53', '2017-10-25 16:22:53', NULL, NULL, 1),
(46, '2017-10-25 16:34:04', '2017-10-25 16:35:03', NULL, NULL, 1),
(47, '2017-10-25 16:37:02', '2017-10-25 16:37:48', NULL, NULL, 1),
(48, '2017-10-25 16:38:20', '2017-10-25 16:43:28', NULL, NULL, 1),
(49, '2017-10-25 16:54:08', '2017-10-25 16:54:55', NULL, NULL, 1),
(50, '2017-10-25 16:57:41', '2017-10-25 16:59:27', NULL, NULL, 1),
(51, '2017-10-25 17:00:44', '2017-10-25 17:01:15', NULL, NULL, 1),
(52, '2017-10-25 17:11:17', '2017-10-25 17:12:50', NULL, NULL, 1),
(53, '2017-10-25 17:13:14', '2017-10-25 17:15:20', NULL, NULL, 1),
(54, '2017-10-25 17:22:10', '2017-10-25 17:22:38', NULL, NULL, 1),
(55, '2017-10-25 17:24:00', '2017-10-25 17:24:03', '4234.00', NULL, 2),
(56, '2017-10-25 17:33:55', '2017-10-25 17:33:55', NULL, NULL, 1),
(57, '2017-10-25 17:34:41', '2017-10-25 17:34:44', '213234.00', NULL, 2),
(58, '2017-10-25 17:36:06', '2017-10-25 17:36:08', '213123.00', NULL, 2),
(59, '2017-10-25 17:37:09', '2017-10-25 17:37:19', '32132.00', NULL, 2),
(60, '2017-10-25 17:38:00', '2017-10-25 17:38:03', '23123.00', NULL, 2),
(61, '2017-10-25 17:38:51', '2017-10-25 17:38:54', '213123.00', NULL, 2),
(62, '2017-10-25 17:39:52', '2017-10-25 17:39:54', '123123.00', NULL, 2),
(63, '2017-10-25 18:41:58', '2017-10-25 18:42:13', NULL, NULL, 1),
(64, '2017-10-25 18:53:32', '2017-10-25 18:53:50', NULL, NULL, 1),
(65, '2017-10-25 19:02:03', '2017-10-25 19:02:43', NULL, NULL, 1),
(66, '2017-10-25 19:37:19', '2017-10-25 19:43:46', NULL, NULL, 1),
(67, '2017-10-25 21:35:14', '2017-10-25 21:35:14', NULL, NULL, 1),
(68, '2017-10-25 21:48:23', '2017-10-25 21:51:10', NULL, NULL, 1),
(69, '2017-10-25 21:55:28', '2017-10-25 21:56:11', NULL, NULL, 1),
(70, '2017-10-25 22:01:33', '2017-10-25 22:02:06', NULL, NULL, 1),
(71, '2017-10-25 22:04:13', '2017-10-25 22:04:22', NULL, NULL, 1),
(72, '2017-10-25 22:04:46', '2017-10-25 22:05:06', NULL, NULL, 1),
(73, '2017-10-25 22:07:07', '2017-10-26 01:10:13', '31313.00', NULL, 2),
(74, '2017-10-27 18:33:28', '2017-10-27 18:33:30', '132.00', NULL, 2),
(75, '2017-10-27 18:39:03', '2017-10-27 18:39:05', '213213.00', NULL, 2),
(76, '2017-10-27 18:42:08', '2017-10-27 18:42:11', '123123.00', NULL, 2),
(77, '2017-10-27 21:51:20', '2017-10-27 22:05:19', '13213.00', NULL, 2),
(78, '2017-10-28 15:25:17', '2017-10-28 15:25:20', '123123.00', NULL, 2),
(79, '2017-10-28 17:47:38', '2017-10-28 17:47:41', '6789.00', NULL, 2),
(80, '2017-10-28 18:16:58', '2017-10-28 18:17:28', '13231.00', NULL, 2),
(81, '2017-10-28 18:39:12', '2017-10-28 18:39:15', '56789.00', NULL, 2),
(82, '2017-10-28 18:44:45', '2017-10-28 18:44:49', '123213.00', NULL, 2),
(83, '2017-10-28 18:57:30', '2017-10-28 18:57:32', '123123.00', NULL, 2),
(84, '2017-11-07 02:59:32', '2017-11-07 02:59:32', NULL, NULL, 1),
(85, '2017-11-07 18:14:31', '2017-11-07 18:44:02', NULL, NULL, 1),
(86, '2017-11-07 19:18:57', '2017-11-07 19:18:57', NULL, NULL, 1),
(87, '2017-11-07 19:39:56', '2017-11-07 19:39:59', '654.00', NULL, 2),
(88, '2017-11-07 19:41:12', '2017-11-07 19:43:03', NULL, NULL, 1),
(89, '2017-11-07 19:48:34', '2017-11-07 19:49:17', NULL, NULL, 1),
(90, '2017-11-07 19:49:29', '2017-11-07 19:55:47', NULL, NULL, 1),
(91, '2017-11-07 19:55:58', '2017-11-07 19:55:58', NULL, NULL, 1),
(92, '2017-11-07 20:25:06', '2017-11-07 20:25:08', '123.00', NULL, 2),
(93, '2017-11-07 20:49:13', '2017-11-07 20:51:41', NULL, NULL, 1),
(94, '2017-11-07 20:52:45', '2017-11-07 20:57:23', NULL, NULL, 1),
(95, '2017-11-07 20:57:52', '2017-11-07 21:06:17', NULL, NULL, 1),
(96, '2017-11-07 21:19:07', '2017-11-07 21:20:14', NULL, NULL, 1),
(97, '2017-11-07 21:20:35', '2017-11-07 21:21:22', NULL, NULL, 1),
(98, '2017-11-07 21:29:25', '2017-11-07 21:29:53', NULL, NULL, 1),
(99, '2017-11-07 21:30:11', '2017-11-07 21:30:36', NULL, NULL, 1),
(100, '2017-11-07 21:31:33', '2017-11-07 21:33:01', NULL, NULL, 1),
(101, '2017-11-07 21:40:15', '2017-11-07 21:40:42', NULL, NULL, 1),
(102, '2017-11-07 21:40:50', '2017-11-07 21:40:50', NULL, NULL, 1),
(103, '2017-11-07 21:40:57', '2017-11-07 21:40:59', '123.00', NULL, 2),
(104, '2017-11-07 21:44:27', '2017-11-07 21:44:29', '123.00', NULL, 2),
(105, '2017-11-07 21:44:34', '2017-11-07 21:45:57', NULL, NULL, 1),
(106, '2017-11-07 21:53:34', '2017-11-07 21:53:36', '123.00', NULL, 3),
(107, '2017-11-07 21:55:39', '2017-11-07 21:56:24', NULL, NULL, 1),
(108, '2017-11-07 22:04:13', '2017-11-07 22:04:31', NULL, NULL, 1),
(109, '2017-11-07 22:12:41', '2017-11-07 22:14:01', NULL, NULL, 1),
(110, '2017-11-07 22:14:50', '2017-11-07 22:15:39', NULL, NULL, 1),
(111, '2017-11-07 22:22:13', '2017-11-07 22:22:35', NULL, NULL, 1),
(112, '2017-11-07 22:25:23', '2017-11-07 22:26:14', NULL, NULL, 1),
(113, '2017-11-08 18:42:15', '2017-11-08 18:43:33', NULL, NULL, 1),
(114, '2017-11-08 18:47:07', '2017-11-08 18:47:07', NULL, NULL, 1),
(115, '2017-11-08 18:48:33', '2017-11-08 18:48:37', '800.00', NULL, 2),
(116, '2017-11-08 18:49:23', '2017-11-08 18:49:30', '1253.00', NULL, 2),
(117, '2017-11-08 18:52:49', '2017-11-08 18:52:49', NULL, NULL, 1),
(118, '2017-11-08 18:52:57', '2017-11-08 18:53:00', '500.00', NULL, 2),
(119, '2017-11-08 19:02:22', '2017-11-08 19:02:25', '800.00', NULL, 3),
(120, '2017-11-08 19:06:13', '2017-11-08 19:06:15', '500.00', NULL, 3),
(121, '2017-11-08 19:06:51', '2017-11-08 19:06:53', '123.00', NULL, 3),
(122, '2017-11-08 19:08:14', '2017-11-08 19:08:14', NULL, NULL, 1),
(123, '2017-11-08 19:11:19', '2017-11-08 19:11:21', '500.00', NULL, 3),
(124, '2017-11-08 19:20:14', '2017-11-08 19:21:03', NULL, NULL, 1),
(125, '2017-11-08 20:01:20', '2017-11-08 20:01:34', NULL, NULL, 1),
(126, '2017-11-08 20:02:36', '2017-11-08 20:04:32', NULL, NULL, 1),
(127, '2017-11-08 20:34:10', '2017-11-08 20:35:13', NULL, NULL, 1),
(128, '2017-11-08 20:35:20', '2017-11-08 20:36:28', NULL, NULL, 1),
(129, '2017-11-08 20:39:49', '2017-11-08 20:39:49', NULL, NULL, 1),
(130, '2017-11-08 20:41:54', '2017-11-08 20:45:18', NULL, NULL, 1),
(131, '2017-11-08 20:45:31', '2017-11-08 20:46:34', NULL, NULL, 1),
(132, '2017-11-08 20:46:47', '2017-11-08 20:46:59', NULL, NULL, 1),
(133, '2017-11-08 20:48:30', '2017-11-08 20:48:30', NULL, NULL, 1),
(134, '2017-11-08 20:53:00', '2017-11-08 20:53:00', NULL, NULL, 1),
(135, '2017-11-08 20:53:48', '2017-11-08 20:54:17', NULL, NULL, 1),
(136, '2017-11-08 20:55:03', '2017-11-08 20:56:44', NULL, NULL, 1),
(137, '2017-11-08 20:57:56', '2017-11-08 20:58:31', NULL, NULL, 1),
(138, '2017-11-08 20:58:44', '2017-11-08 20:59:21', NULL, NULL, 1),
(139, '2017-11-08 21:00:25', '2017-11-08 21:05:51', NULL, NULL, 1),
(140, '2017-11-08 21:06:05', '2017-11-08 21:08:29', NULL, NULL, 1),
(141, '2017-11-08 21:10:15', '2017-11-08 21:10:33', NULL, NULL, 1),
(142, '2017-11-08 21:11:16', '2017-11-08 21:11:37', NULL, NULL, 1),
(143, '2017-11-09 15:52:58', '2017-11-09 15:55:15', NULL, NULL, 1),
(144, '2017-11-09 16:32:16', '2017-11-09 16:33:38', NULL, NULL, 1),
(145, '2017-11-09 16:33:51', '2017-11-09 16:34:26', NULL, NULL, 1),
(146, '2017-11-09 16:34:58', '2017-11-09 16:34:58', NULL, NULL, 1),
(147, '2017-11-09 16:35:19', '2017-11-09 16:35:25', '5000.00', NULL, 3),
(148, '2017-11-09 16:36:54', '2017-11-09 16:36:57', '5865.00', NULL, 3),
(149, '2017-11-09 16:38:10', '2017-11-09 16:40:00', NULL, NULL, 1),
(150, '2017-11-09 16:41:45', '2017-11-09 16:43:36', NULL, NULL, 1),
(151, '2017-11-09 16:43:54', '2017-11-09 16:45:03', NULL, NULL, 1),
(152, '2017-11-09 16:45:15', '2017-11-09 16:46:30', NULL, NULL, 1),
(153, '2017-11-09 16:46:38', '2017-11-09 16:53:26', NULL, NULL, 1),
(154, '2017-11-09 16:55:51', '2017-11-09 16:56:38', NULL, NULL, 1),
(155, '2017-11-09 16:56:50', '2017-11-09 16:58:04', NULL, NULL, 1),
(156, '2017-11-09 16:59:50', '2017-11-09 17:00:01', NULL, NULL, 1),
(157, '2017-11-09 17:00:30', '2017-11-09 17:00:30', NULL, NULL, 1),
(158, '2017-11-09 17:02:22', '2017-11-09 17:02:25', '5000.00', NULL, 2),
(159, '2017-11-09 17:06:50', '2017-11-09 17:07:02', NULL, NULL, 1),
(160, '2017-11-09 19:11:50', '2017-11-09 19:11:50', NULL, NULL, 1),
(161, '2017-11-09 19:12:04', '2017-11-09 19:12:09', '500.00', NULL, 2),
(162, '2017-11-09 19:15:54', '2017-11-09 19:16:18', NULL, NULL, 1),
(163, '2017-11-09 19:16:50', '2017-11-09 19:23:10', NULL, NULL, 1),
(164, '2017-11-09 19:46:55', '2017-11-09 20:04:15', NULL, NULL, 1),
(165, '2017-11-09 20:24:53', '2017-11-09 20:24:53', NULL, NULL, 1),
(166, '2017-11-09 21:33:45', '2017-11-09 21:34:16', NULL, NULL, 1),
(167, '2017-11-09 21:36:53', '2017-11-09 21:37:17', NULL, NULL, 1),
(168, '2017-11-09 21:38:00', '2017-11-09 21:39:49', NULL, NULL, 1),
(169, '2017-11-09 21:40:20', '2017-11-09 21:43:00', NULL, NULL, 1),
(170, '2017-11-10 18:18:59', '2017-11-10 18:37:56', NULL, NULL, 1),
(171, '2017-11-10 20:35:20', '2017-11-10 20:35:38', NULL, NULL, 1),
(172, '2017-11-10 21:38:14', '2017-11-10 22:17:05', NULL, NULL, 1),
(173, '2017-11-10 22:18:03', '2017-11-10 22:47:32', NULL, NULL, 1),
(174, '2017-11-13 16:18:25', '2017-11-13 16:19:35', NULL, NULL, 1),
(175, '2017-11-13 16:25:21', '2017-11-13 16:25:21', NULL, NULL, 1),
(176, '2017-11-13 16:26:23', '2017-11-13 16:27:02', '500.00', NULL, 2),
(177, '2017-11-13 16:27:58', '2017-11-13 16:28:26', NULL, NULL, 1),
(178, '2017-11-13 16:29:04', '2017-11-13 16:29:04', NULL, NULL, 1),
(179, '2017-11-13 16:29:12', '2017-11-13 16:29:13', '500.00', NULL, 3),
(180, '2017-11-13 16:32:48', '2017-11-13 16:32:48', NULL, NULL, 1),
(181, '2017-11-13 16:33:44', '2017-11-13 16:33:47', '5400.00', NULL, 3),
(182, '2017-11-13 16:34:58', '2017-11-13 16:35:00', '500.00', NULL, 2),
(183, '2017-11-13 16:35:37', '2017-11-13 18:25:44', NULL, NULL, 1),
(184, '2017-11-13 18:30:01', '2017-11-13 18:39:11', NULL, NULL, 1),
(185, '2017-11-13 19:04:27', '2017-11-13 19:04:45', NULL, NULL, 1),
(186, '2017-11-13 19:05:26', '2017-11-13 19:08:40', NULL, NULL, 1),
(187, '2017-11-13 19:08:51', '2017-11-13 19:09:18', NULL, NULL, 1),
(188, '2017-11-13 19:10:12', '2017-11-13 19:10:26', NULL, NULL, 1),
(189, '2017-11-13 19:13:53', '2017-11-13 19:15:30', NULL, NULL, 1),
(190, '2017-11-13 19:15:44', '2017-11-13 19:16:14', NULL, NULL, 1),
(191, '2017-11-13 19:16:34', '2017-11-13 19:19:37', NULL, NULL, 1),
(192, '2017-11-13 19:20:17', '2017-11-13 19:23:27', NULL, NULL, 1),
(193, '2017-11-13 19:23:39', '2017-11-13 19:23:57', NULL, NULL, 1),
(194, '2017-11-13 19:25:04', '2017-11-13 19:28:26', NULL, NULL, 1),
(195, '2017-11-13 19:28:35', '2017-11-13 19:30:56', NULL, NULL, 1),
(196, '2017-11-13 19:31:10', '2017-11-13 19:35:01', NULL, NULL, 1),
(197, '2017-11-13 19:36:18', '2017-11-13 19:40:17', NULL, NULL, 1),
(198, '2017-11-13 19:40:27', '2017-11-13 19:42:38', NULL, NULL, 1),
(199, '2017-11-13 19:43:24', '2017-11-13 19:45:13', NULL, NULL, 1),
(200, '2017-11-13 19:45:33', '2017-11-13 19:46:18', NULL, NULL, 1),
(201, '2017-11-13 19:46:39', '2017-11-13 19:48:16', NULL, NULL, 1),
(202, '2017-11-13 19:48:28', '2017-11-13 19:48:41', NULL, NULL, 1),
(203, '2017-11-13 19:48:55', '2017-11-13 19:49:24', NULL, NULL, 1),
(204, '2017-11-13 19:57:49', '2017-11-13 19:57:58', NULL, NULL, 1),
(205, '2017-11-13 19:58:59', '2017-11-13 20:03:48', NULL, NULL, 1),
(206, '2017-11-13 20:11:10', '2017-11-13 20:11:47', NULL, NULL, 1),
(207, '2017-11-13 20:19:24', '2017-11-13 20:19:47', NULL, NULL, 1),
(208, '2017-11-13 20:25:22', '2017-11-13 20:26:50', NULL, NULL, 1),
(209, '2017-11-13 20:27:05', '2017-11-13 20:29:31', NULL, NULL, 1),
(210, '2017-11-13 20:29:48', '2017-11-13 20:30:10', NULL, NULL, 1),
(211, '2017-11-13 20:40:49', '2017-11-13 20:55:47', NULL, NULL, 1),
(212, '2017-11-13 21:06:23', '2017-11-13 21:16:04', NULL, NULL, 1),
(213, '2017-11-13 21:22:23', '2017-11-13 21:22:40', NULL, NULL, 1),
(214, '2017-11-13 21:23:24', '2017-11-13 21:24:30', NULL, NULL, 1),
(215, '2017-11-13 21:26:13', '2017-11-13 21:28:42', NULL, NULL, 1),
(216, '2017-11-13 21:53:22', '2017-11-13 21:53:50', NULL, NULL, 1),
(217, '2017-11-13 21:54:24', '2017-11-13 21:54:45', NULL, NULL, 1),
(218, '2017-11-13 22:07:08', '2017-11-13 22:15:47', NULL, NULL, 1),
(219, '2017-11-13 22:43:05', '2017-11-13 22:45:24', NULL, NULL, 1),
(220, '2017-11-14 19:29:50', '2017-11-14 19:29:50', NULL, NULL, 1),
(221, '2017-11-14 19:31:53', '2017-11-14 19:31:55', '555.00', NULL, 2),
(222, '2017-11-14 19:34:25', '2017-11-14 19:34:27', '5000.00', NULL, 2),
(223, '2017-11-14 19:59:40', '2017-11-14 19:59:43', '500.00', NULL, 2),
(224, '2017-11-14 20:01:51', '2017-11-14 20:01:53', '5000.00', NULL, 3),
(225, '2017-11-14 20:08:38', '2017-11-14 20:08:40', '5000.00', NULL, 3),
(226, '2017-11-14 21:03:14', '2017-11-14 21:03:16', '500.00', NULL, 2),
(227, '2017-11-14 21:08:07', '2017-11-14 21:08:07', NULL, NULL, 1),
(228, '2017-11-14 21:11:52', '2017-11-14 21:11:54', '500.00', NULL, 2),
(229, '2017-11-14 21:20:31', '2017-11-14 21:20:34', '500.00', NULL, 2),
(230, '2017-11-14 21:32:43', '2017-11-14 21:32:46', '5000.00', NULL, 2),
(231, '2017-11-14 21:33:45', '2017-11-14 21:33:47', '500.00', NULL, 2),
(232, '2017-11-14 21:36:22', '2017-11-14 21:36:24', '3000.00', NULL, 2),
(233, '2017-11-14 21:48:05', '2017-11-14 21:48:07', '5000.00', NULL, 2),
(234, '2017-11-14 21:49:16', '2017-11-14 21:49:19', '5000.00', NULL, 2),
(235, '2017-11-14 21:58:26', '2017-11-14 21:58:28', '5000.00', NULL, 2),
(236, '2017-11-14 22:07:05', '2017-11-14 22:07:07', '500.00', NULL, 2),
(237, '2017-11-14 22:10:11', '2017-11-14 22:10:12', '5000.00', NULL, 2),
(238, '2017-11-14 22:35:11', '2017-11-14 22:35:13', '5000.00', NULL, 2),
(239, '2017-11-14 22:44:47', '2017-11-14 22:44:50', '5000.00', NULL, 3),
(240, '2017-11-14 22:49:16', '2017-11-14 22:49:22', '5000.00', NULL, 2),
(241, '2017-11-14 22:55:36', '2017-11-14 22:55:38', '5000.00', NULL, 3),
(242, '2017-11-15 16:36:38', '2017-11-15 16:36:41', '5000.00', NULL, 2),
(243, '2017-11-15 16:40:43', '2017-11-15 16:40:43', NULL, NULL, 1),
(244, '2017-11-15 16:40:53', '2017-11-15 16:40:56', '500.00', NULL, 2),
(245, '2017-11-15 16:44:07', '2017-11-15 16:44:09', '400.00', NULL, 3),
(246, '2017-11-15 16:46:42', '2017-11-15 16:46:44', '5000.00', NULL, 3),
(247, '2017-11-15 16:47:53', '2017-11-15 16:47:56', '500.00', NULL, 3),
(248, '2017-11-15 16:51:38', '2017-11-15 16:51:41', '5000.00', NULL, 3),
(249, '2017-11-15 17:03:55', '2017-11-15 17:03:58', '500.00', NULL, 3),
(250, '2017-11-15 17:26:23', '2017-11-15 17:26:25', '5000.00', NULL, 2),
(251, '2017-11-15 17:38:20', '2017-11-15 17:38:23', '5000.00', NULL, 3),
(252, '2017-11-15 17:41:03', '2017-11-15 17:41:06', '500.00', NULL, 3),
(253, '2017-11-15 17:48:33', '2017-11-15 17:48:36', '5000.00', NULL, 2),
(254, '2017-11-15 17:52:59', '2017-11-15 17:53:01', '500.00', NULL, 3),
(255, '2017-11-15 18:02:03', '2017-11-15 18:02:03', NULL, NULL, 1),
(256, '2017-11-15 18:07:41', '2017-11-15 18:12:30', NULL, NULL, 1),
(257, '2017-11-15 18:12:57', '2017-11-15 18:28:49', NULL, NULL, 1),
(258, '2017-11-15 18:37:42', '2017-11-15 18:38:28', NULL, NULL, 1),
(259, '2017-11-15 18:40:47', '2017-11-15 18:41:25', NULL, NULL, 1),
(260, '2017-11-15 18:42:11', '2017-11-15 18:42:21', NULL, NULL, 1),
(261, '2017-11-15 18:43:55', '2017-11-15 18:44:23', NULL, NULL, 1),
(262, '2017-11-15 18:44:56', '2017-11-15 18:47:59', NULL, NULL, 1),
(263, '2017-11-15 19:03:46', '2017-11-15 19:03:46', NULL, NULL, 1),
(264, '2017-11-15 19:18:49', '2017-11-15 19:19:19', NULL, NULL, 1),
(265, '2017-11-15 19:30:38', '2017-11-15 19:30:51', NULL, NULL, 1),
(266, '2017-11-15 19:32:12', '2017-11-15 19:32:12', NULL, NULL, 1),
(267, '2017-11-15 19:32:20', '2017-11-15 19:32:22', '5000.00', NULL, 2),
(268, '2017-11-15 19:33:09', '2017-11-15 19:33:11', '5000.00', NULL, 3),
(269, '2017-11-15 20:27:01', '2017-11-15 20:27:04', '500.00', NULL, 3),
(270, '2017-11-15 20:28:17', '2017-11-15 20:28:19', '5000.00', NULL, 2),
(271, '2017-11-15 20:49:01', '2017-11-15 20:49:04', '5000.00', NULL, 2),
(272, '2017-11-15 20:52:33', '2017-11-15 20:52:36', '5000.00', NULL, 2),
(273, '2017-11-15 20:53:16', '2017-11-15 20:53:18', '5000.00', NULL, 2),
(274, '2017-11-15 20:54:18', '2017-11-15 20:54:20', '500.00', NULL, 2),
(275, '2017-11-15 20:58:19', '2017-11-15 20:58:21', '400.00', NULL, 2),
(276, '2017-11-15 20:59:26', '2017-11-15 20:59:28', '500.00', NULL, 2),
(277, '2017-11-15 21:02:36', '2017-11-15 21:02:39', '50000.00', NULL, 2),
(278, '2017-11-15 21:05:03', '2017-11-15 21:05:06', '5000.00', NULL, 3),
(279, '2017-11-15 21:10:13', '2017-11-15 21:10:17', '60000.00', NULL, 2),
(280, '2017-11-16 18:25:41', '2017-11-16 18:43:47', NULL, NULL, 1),
(281, '2017-11-17 23:27:44', '2017-11-17 23:27:46', '5000.00', NULL, 3),
(282, '2017-11-21 18:34:25', '2017-11-21 19:12:14', NULL, NULL, 1),
(283, '2017-11-24 17:06:47', '2017-11-24 17:06:50', '500.00', NULL, 2),
(284, '2017-11-24 17:07:27', '2017-11-24 17:07:29', '5000.00', NULL, 2),
(285, '2017-11-24 17:18:23', '2017-11-24 17:35:18', NULL, NULL, 1),
(286, '2017-11-24 17:53:10', '2017-11-24 17:53:12', '500.00', NULL, 2),
(287, '2017-11-24 17:55:21', '2017-11-24 17:55:21', NULL, NULL, 1);

-- --------------------------------------------------------

--
-- Estructura de tabla para la tabla `producto`
--

CREATE TABLE `producto` (
  `idproducto` int(11) NOT NULL,
  `nombre` varchar(55) NOT NULL,
  `codigo` varchar(55) DEFAULT NULL,
  `codigoA` varchar(45) DEFAULT NULL,
  `stock` int(11) NOT NULL,
  `costo` decimal(9,2) NOT NULL,
  `precio` decimal(9,2) NOT NULL,
  `utilidad` decimal(9,2) DEFAULT NULL,
  `espef` varchar(255) NOT NULL,
  `servicio` tinyint(4) NOT NULL,
  `unidadM` varchar(45) NOT NULL,
  `garantia_idgarantia` int(11) NOT NULL,
  `almacen_idalmacen` int(11) NOT NULL
) ENGINE=InnoDB DEFAULT CHARSET=utf8;

--
-- Volcado de datos para la tabla `producto`
--

INSERT INTO `producto` (`idproducto`, `nombre`, `codigo`, `codigoA`, `stock`, `costo`, `precio`, `utilidad`, `espef`, `servicio`, `unidadM`, `garantia_idgarantia`, `almacen_idalmacen`) VALUES
(1, 'HP Pavillion', '01020304', '', 14, '1000.00', '1250.00', '25.00', 'Uso Rudo', 0, 'pza', 1, 1),
(2, 'Acer', '04030201', '', 14, '1200.00', '1500.00', '25.00', 'Oficina', 0, 'pza', 1, 1),
(3, 'Lenovo', '06070809', '', 15, '800.00', '1000.00', '25.00', 'Trabajo Diario', 0, 'pza', 1, 1),
(4, 'Macbook', '09080706', '', 15, '1500.00', '1875.00', '25.00', 'Para Diseño', 0, 'pza', 1, 1),
(5, 'Alienware', '05060407', '', 18, '3000.00', '3750.00', '25.00', 'Gamers', 0, 'pza', 1, 1),
(6, 'Chromebook', '01928374', '', 18, '1000.00', '1250.00', '25.00', 'Redes Sociales', 0, 'pza', 1, 1),
(7, 'Dell', '83917238', '', 27, '2500.00', '3125.00', '25.00', 'Oficina', 0, 'pza', 1, 1),
(8, 'Compaq', '87389247', '', 29, '1100.00', '1375.00', '25.00', 'Redes Sociales', 0, 'pza', 1, 1),
(9, 'Toshiba', '82963982', '', 27, '1400.00', '1750.00', '25.00', 'Trabajo Diaro', 0, 'pza', 1, 1),
(10, 'Gateway', '82617239', '', 28, '900.00', '1125.00', '25.00', 'Redes Sociales', 0, 'pza', 1, 1),
(11, 'Samsung', '81239762', '', 28, '3000.00', '3750.00', '25.00', 'Gamer', 0, 'pza', 1, 1),
(12, 'Asus', '82186712', '', 28, '2500.00', '3125.00', '25.00', 'Para Diseño', 0, 'pza', 1, 1),
(13, 'Sony', '82762313', '', 29, '3200.00', '4000.00', '25.00', 'Oficina', 0, 'pza', 1, 1),
(14, 'LG', '81729369', '', 29, '1200.00', '1500.00', '25.00', 'Trabajo Diario', 0, 'pza', 1, 1);

-- --------------------------------------------------------

--
-- Estructura de tabla para la tabla `productos`
--

CREATE TABLE `productos` (
  `idproducto` int(11) NOT NULL,
  `nombreProducto` varchar(25) COLLATE utf8_spanish_ci NOT NULL,
  `codigoProducto` varchar(25) COLLATE utf8_spanish_ci NOT NULL,
  `existencia` int(11) NOT NULL,
  `costo` float NOT NULL,
  `utilidad` int(11) NOT NULL,
  `precioProducto` float NOT NULL,
  `categoria_idcategoria` int(10) NOT NULL
) ENGINE=InnoDB DEFAULT CHARSET=utf8 COLLATE=utf8_spanish_ci;

--
-- Volcado de datos para la tabla `productos`
--

INSERT INTO `productos` (`idproducto`, `nombreProducto`, `codigoProducto`, `existencia`, `costo`, `utilidad`, `precioProducto`, `categoria_idcategoria`) VALUES
(1, 'ACEITE CAPULLO 12/1L', '75000578', 20, 31, 25, 38.75, 1),
(2, 'ACEITE COMESTIBLE KOLSA 1', '7501026003981', 20, 26.5, 25, 33.125, 1),
(3, 'ACEITE COMESTIBLE OLEICO ', '7501491000935', 20, 33, 25, 41.25, 1),
(4, 'ACEITE COMESTIBLE VEGETAL', '75002343', 20, 24.5, 25, 30.625, 1),
(5, 'ACEITE CORONA 24/500ML', '75009830', 20, 13, 25, 16.25, 1),
(6, 'ACEITE PIRAMIDE 12/L', '75003838', 20, 23, 25, 28.75, 1),
(7, 'ACEITE PIRAMIDE 24/500ML', '75016661', 20, 12.5, 25, 15.625, 1),
(8, 'ACEITE VEGETAL COMESTIBLE', '75009854', 20, 24, 25, 30, 1),
(9, 'ACEITE VEGETAL MAXIMA 12/', '823703800193', 20, 23.4, 25, 29.25, 1),
(10, 'ACEITE VEGETAL NUTRIOLI 1', '7501039120149', 20, 28, 25, 35, 1),
(11, 'CATSUP CLEMENTE JAQUES SQ', '7501052472102', 20, 7.5, 25, 9.375, 2),
(12, 'CATSUP LA COSTEÑA 14/400', '7501017050161', 20, 9.8, 25, 12.25, 2),
(13, 'MAYONESA MCCORMIC 190G #8', '7501003340122', 20, 9.2, 25, 11.5, 2),
(14, 'MAYONESA MCCORMIC INST 3,', '7501003340160', 20, 91.5, 25, 114.375, 2),
(15, 'MAYONESA MCCORMICK #16 12', '7501003340139', 20, 18, 25, 22.5, 2),
(16, 'MAYONESA MCCORMICK #32 12', '7501003340146', 20, 34, 25, 42.5, 2),
(17, 'MAYONESA MCCORMICK #4 24/', '7501003340115', 20, 6, 25, 7.5, 2),
(18, 'MAYONESA MCCORMICK #64 6/', '7501003340153', 20, 56.5, 25, 70.625, 2),
(19, 'ALCOHOL ETILICO LOURDES 1', '7503000720082', 20, 4, 25, 5, 3),
(20, 'ALCOHOL ETILICO LOURDES 2', '7503000720129', 20, 9.5, 25, 11.875, 3),
(21, 'ALCOHOL ETILICO LOURDES 3', '7503000720105', 20, 6, 25, 7.5, 3),
(22, 'ALCOHOL LAS CAÑITAS 225ML', '7503000142136', 20, 5.5, 25, 6.875, 3),
(23, 'ALCOHOL LAS CAÑITAS 435ML', '7503000142129', 20, 10.5, 25, 13.125, 3),
(24, 'ALIMENTO PERRO ADULTO PED', '706460235982', 20, 11, 25, 13.75, 4),
(25, 'PAPEL ALUMINIO ALUPAK 24/', '7501067280143', 20, 8.5, 25, 10.625, 5),
(26, ' PAPEL ALUMINIO REYNOLDS ', '10900000406', 20, 16, 25, 20, 5),
(27, 'PELICULA AUTOADHERENTE KL', '7501017361236', 20, 18.5, 25, 23.125, 5),
(28, 'PELICULA PLASTICA REYNOLD', '10900002844', 20, 21.5, 25, 26.875, 5),
(29, 'AROMATIZANTE GLADE CAMPOS', '7501032938215', 20, 24.8, 25, 31, 6),
(30, ' AROMATIZANTE GLADE HAWAI', '46500005602', 20, 25.8, 25, 32.25, 6),
(31, 'AROMATIZANTE GLADE MANZAN', '7501032900243', 20, 29, 25, 36.25, 6),
(32, ' AROMATIZANTE GLADE NEUTR', '46500005657', 20, 24.8, 25, 31, 6),
(33, 'GASA DIBAR 100/10X10', '7501868901025', 20, 44.5, 25, 55.625, 7),
(34, 'GASA DIBAR100/75X5', '7501868900035', 20, 32, 25, 40, 7),
(35, 'GASA SIMPLE ESTERILIZADA ', '704903231201', 20, 38.5, 25, 48.125, 7),
(36, 'VENDA JALOMA # 10CM C/10P', '759684471155', 20, 7, 25, 8.75, 7),
(37, 'VENDA JALOMA #7 CM C/10P', '759684471100', 20, 6, 25, 7.5, 7),
(38, 'AZUCAR IMPERIAL OBSCURA 2', '7501040492037', 20, 15.5, 25, 19.375, 8),
(39, 'BARRA BRAN-FRUT CHOCO/FRE', '7501030448136', 20, 3.5, 25, 4.375, 9),
(40, 'BARRA BRAN-FRUT CITRUS BI', '7501030476139', 20, 3.5, 25, 4.375, 9),
(41, 'BARRA BRAN-FRUT FRESA BIM', '7501000116447', 20, 3.5, 25, 4.375, 9),
(42, 'BARRA BRAN-FRUT MANZ/CAN ', '7501000109340', 20, 3.5, 25, 4.375, 9),
(43, 'BARRA BRAN-FRUT PIÑA BIMB', '7501000116430', 20, 3.5, 25, 4.375, 9),
(44, 'BARRA DOBLE FIBRA BIMBO 3', '7501000326570', 20, 4, 25, 5, 9),
(45, 'BARRA MULTIGRANO AVENA BI', '7501030473060', 20, 4, 25, 5, 9),
(46, 'BARRA MULTIGRANO LINAZA B', '7501000339198', 20, 4, 25, 5, 9),
(47, 'BARRA MULTIGRANO NUEZ 34g', '7501030424345', 20, 4, 25, 5, 9),
(48, 'BARRA PLUSVITA FRESA BIMB', '7501030452188', 20, 3.5, 25, 4.375, 9),
(49, 'AGUA BONAFONT 12/1.5L', '758104000159', 20, 7.5, 25, 9.375, 10),
(50, 'AGUA BONAFONT 12/1L', '758104100422', 20, 6, 25, 7.5, 10),
(51, 'AGUA BONAFONT 12/1L MANDA', '758104002009', 20, 10.5, 25, 13.125, 10),
(52, 'AGUA BONAFONT 12/1L MANZA', '758104002023', 20, 10.5, 25, 13.125, 10),
(53, 'AGUA BONAFONT 12/1LEVITE ', '758104001095', 20, 10.5, 25, 13.125, 10),
(54, 'AGUA BONAFONT 24/500ML', '758104000357', 20, 4, 25, 5, 10),
(55, 'AGUA BONAFONT GALON 6/4L', '758104001729', 20, 15, 25, 18.75, 10),
(56, 'AGUA BONAFONT LEVITE 12/1', '758104002245', 20, 10.5, 25, 13.125, 10),
(57, 'AGUA BONAFONT LEVITE 12/1', '758104001460', 20, 10.5, 25, 13.125, 10),
(58, 'AGUA BONAFONT LEVITE 24/5', '758104002238', 20, 6, 25, 7.5, 10),
(59, 'AGUA BONAFONT LEVITE 24/5', '758104001361', 20, 5, 25, 6.25, 10),
(60, 'AGUA BONAFONT LEVITE 24/5', '758104001354', 20, 6, 25, 7.5, 10),
(61, 'AGUA BONAFONT LEVITE 24/5', '758104001996', 20, 6, 25, 7.5, 10),
(62, 'AGUA BONAFONT LEVITE CERO', '758104001071', 20, 10.5, 25, 13.125, 10),
(63, 'AGUA BONAFONT LIGERI 12/1', '758104002283', 20, 10, 25, 12.5, 10),
(64, 'AGUA BONAFONT LIGERI 12/5', '758104002276', 20, 7, 25, 8.75, 10),
(65, 'AGUA BONAFONT SIETE 50 6/', '758104000340', 20, 7, 25, 8.75, 10),
(66, 'AGUA BONAFONT VITALINEA 6', '758104001224', 20, 7, 25, 8.75, 10),
(67, 'AGUA BONAFONT VITALINEA S', '758104001231', 20, 7, 25, 8.75, 10),
(68, 'AGUA CIEL 6/1.5L LIMON', '7501055313815', 20, 11, 25, 13.75, 10),
(69, 'AGUA CIEL JAMAICA 6/1.5L', '7501055313822', 20, 11, 25, 13.75, 10),
(70, 'AGUA CIEL MANDARINA 6/600', '7501055319046', 20, 7, 25, 8.75, 10),
(71, 'BEBIDA CRISTALIN MANDARIN', '7501621102287', 20, 6, 25, 7.5, 10),
(72, 'BEBIDA CRISTALIN SABOR FR', '7501621102171', 20, 6, 25, 7.5, 10),
(73, 'BEBIDA CRISTALIN SABOR PI', '7501621100368', 20, 6, 25, 7.5, 10),
(74, 'BEBIDA CRISTALIN SABOR PI', '7501621101396', 20, 6, 25, 7.5, 10),
(75, ' BEBIDA GATORADE KIDS LIM', '36731100030', 20, 5.5, 25, 6.875, 10),
(76, ' BEBIDA GATORADE KIDS NAR', '36731100016', 20, 5.5, 25, 6.875, 10),
(77, ' BEBIDA GATORADE LIMA LIM', '36731183002', 20, 8, 25, 10, 10),
(78, ' BEBIDA GATORADE LIMONADA', '36731320520', 20, 13, 25, 16.25, 10),
(79, ' BEBIDA GATORADE MANDARIN', '36731505002', 20, 11, 25, 13.75, 10),
(80, ' BEBIDA GATORADE NARANJA ', '36731181008', 20, 8, 25, 10, 10),
(81, ' BEBIDA GATORADE TUTTI FR', '36731100061', 20, 5.5, 25, 6.875, 10),
(82, ' BEBIDA GATORADE UVA 24/3', '36731184009', 20, 8, 25, 10, 10),
(83, 'BEBIDA RED BULL ENERGETIC', '9002490100070', 20, 20, 25, 25, 10),
(84, 'BEBIDA VITALINEA LIMA LIM', '758104001248', 20, 10, 25, 12.5, 10),
(85, 'BEBIDA VITALINEA SABOR MA', '758104001255', 20, 10, 25, 12.5, 10),
(86, ' GATORADE 12/1L  LIMONADA', '36731322005', 20, 18, 25, 22.5, 10),
(87, ' GATORADE 12/1L LIMA LIMO', '36731323002', 20, 18, 25, 22.5, 10),
(88, ' GATORADE 12/1L MANDARINA', '36731325006', 20, 18, 25, 22.5, 10),
(89, ' GATORADE 12/1L PONCHE DE', '36731326003', 20, 18, 25, 22.5, 10),
(90, ' GATORADE CHUPON  24/591 ', '36731202000', 20, 13, 25, 16.25, 10),
(91, ' GATORADE CHUPON NARANJA ', '36731320537', 20, 13, 25, 16.25, 10),
(92, ' GATORADE FIERCE BLUEGATO', '36731132512', 20, 13, 25, 16.25, 10),
(93, ' GATORADE TAPA 24/500ML L', '36731502001', 20, 11, 25, 13.75, 10),
(94, ' GATORADE TAPA 24/500ML N', '36731501004', 20, 11, 25, 13.75, 10),
(95, ' GATORADE TAPA 24/500ML P', '36731506009', 20, 11, 25, 13.75, 10),
(96, ' GATORADE TAPA 24/500ML U', '36731504005', 20, 11, 25, 13.75, 10),
(97, ' GATORADE TAPA LIMA LIMON', '36731503008', 20, 11, 25, 13.75, 10),
(98, ' GATORADE UVA 12/1L', '36731324009', 20, 18, 25, 22.5, 10),
(99, 'JUGO JUMEX NECTAR DE DURA', '75010935', 20, 4.5, 25, 5.625, 10),
(100, 'JUGO ADES NARANJA 40/200', '7501005114516', 20, 4.5, 25, 5.625, 10),
(101, 'JUGO JUMEX JUGO DE PIÑA 1', '7501013132106', 20, 12.5, 25, 15.625, 10),
(102, 'JUGO JUMEX NECTAR DE DURA', '7501013132052', 20, 12.5, 25, 15.625, 10),
(103, 'JUGO JUMEX NECTAR DE MANG', '7501013132038', 20, 12.5, 25, 15.625, 10),
(104, 'JUMEX NECTAR DE MANGO MIN', '75010911', 20, 4.5, 25, 5.625, 10),
(105, 'JUMEX NECTAR DE MANZANA M', '75010928', 20, 4.5, 25, 5.625, 10),
(106, 'LIMPIADOR FABULOSO FRESCO', '7501035906464', 20, 7.2, 25, 9, 10),
(107, 'POLVO PARA PREP. BEBIDA T', '7501002600050', 20, 4, 25, 5, 10),
(108, 'POLVO PARA PREPARAR BEBID', '7501002600661', 20, 4, 25, 5, 10),
(109, 'POLVO PARA PREPARAR BEBID', '7501002669286', 20, 4, 25, 5, 10),
(110, 'POLVO PARA PREPARAR BEBID', '7501002600074', 20, 4, 25, 5, 10),
(111, 'POLVO PARA PREPARAR BEBID', '7501002669187', 20, 4, 25, 5, 10),
(112, 'POLVO PARA PREPARAR BEBID', '7501002601675', 20, 4, 25, 5, 10),
(113, 'REFRESCO MANZANITA DELICI', '7501479300071', 20, 14, 25, 17.5, 10),
(114, 'REFRESCO MANZANITA DELICI', '7501479300033', 20, 12, 25, 15, 10),
(115, 'REFRESCO MANZANITA DELICI', '7501479300019', 20, 5, 25, 6.25, 10),
(116, 'REFRESCO MANZANITA DELICI', '7501479300057', 20, 6, 25, 7.5, 10),
(117, 'SERVITOALLA VOGUE 5/3X2', '7501943473508', 20, 19, 25, 23.75, 10),
(118, 'VELADORA DECADA 1/12', '744831160495', 20, 10.5, 25, 13.125, 10),
(119, 'BIBERON CURITY DECORADO 9', '7501035907478', 20, 15.5, 25, 19.375, 11),
(120, 'BIBERON CURITY LISO 4OZ/2', '7501035915138', 20, 11, 25, 13.75, 11),
(121, 'BIBERON CURITY LISO 8OZ/2', '7501035915121', 20, 14, 25, 17.5, 11),
(122, 'BLANQUEADOR  LA GOLONDRIN', '7501016801214', 20, 2.7, 25, 3.375, 12),
(123, 'BLANQUEADOR CLORALEX 2L', '75000622', 20, 13.8, 25, 17.25, 12),
(124, 'BLANQUEADOR CLORALEX 3,75', '75000639', 20, 25, 25, 31.25, 12),
(125, 'BLANQUEADOR CLOROX 15/930', '7501071900129', 20, 7, 25, 8.75, 12),
(126, 'BLANQUEADOR CLOROX 20/500', '7501071900112', 20, 4, 25, 5, 12),
(127, 'BLANQUEADOR CLOROX 3,8L', '7501071900143', 20, 24, 25, 30, 12),
(128, 'BLANQUEADOR LA GOLONDRINA', '7501016801207', 20, 4.6, 25, 5.75, 12),
(129, 'CLOROX 1L ROPA COLOR 15/1', '7501071902086', 20, 14, 25, 17.5, 12),
(130, 'CLOROX 500ML ROPA COLOR 2', '7501071902314', 20, 7.5, 25, 9.375, 12),
(131, 'DETERGENTE MAS COLOR 15/5', '7501199400372', 20, 12.5, 25, 15.625, 12),
(132, 'BIG MIX DE BARCEL 50GR', '7501000248582', 20, 6, 25, 7.5, 13),
(133, 'BOTANA BANANIX 18G', '7501030449157', 20, 3.5, 25, 4.375, 13),
(134, 'CACAHUATES GOLDEN NUTS EN', '7501000167456', 20, 4, 25, 5, 13),
(135, 'CACAHUATES HOT NUTS EUPHO', '7501030442417', 20, 4, 25, 5, 13),
(136, 'CACAHUATES HOT NUTS MULTI', '7501000367481', 20, 4, 25, 5, 13),
(137, 'CACAHUATES KIYAKIS 50G', '7501000207305', 20, 4, 25, 5, 13),
(138, 'CACAHUATES TOREADOS HABAN', '7501030419044', 20, 4, 25, 5, 13),
(139, 'CHEETOS TORCIDITOS 36G', '7501011161207', 20, 3.5, 25, 4.375, 13),
(140, 'CHEETOS TORCIDITOS NACHO ', '7501011158016', 20, 3, 25, 3.75, 13),
(141, 'CHETOS BOLITA POP 24G', '7501011162150', 20, 3.5, 25, 4.375, 13),
(142, 'CHETOS COLMILLOS 25G', '7501011158009', 20, 3.5, 25, 4.375, 13),
(143, 'CHETOS POFF HORNEADOS 25G', '7501011167452', 20, 3.5, 25, 4.375, 13),
(144, 'CHETTOS CRUNCHY FLAMIN HO', '7501011158320', 20, 3.5, 25, 4.375, 13),
(145, 'CHICHARRON DE CERDO 20G', '7501011151079', 20, 5.5, 25, 6.875, 13),
(146, 'CHICHARRONES 100% CREDO N', '7501030421313', 20, 18.5, 25, 23.125, 13),
(147, 'CHICHARRONES SABRITONES S', '7501011141612', 20, 12.5, 25, 15.625, 13),
(148, 'CHICHARRONES VALENTONES 2', '7501030456520', 20, 2, 25, 2.5, 13),
(149, 'CHIP-OTLES DE BARCEL 49GR', '7501000264834', 20, 4, 25, 5, 13),
(150, 'CHIPS A LA DIABLA BARCEL ', '7501000149001', 20, 6, 25, 7.5, 13),
(151, 'CHIPS ADOBADAS BARCEL 41G', '7501000260676', 20, 6, 25, 7.5, 13),
(152, 'CHIPS JALAPEÑO BARCEL 41G', '7501000266333', 20, 6, 25, 7.5, 13),
(153, 'CHIPS JALAPEÑO DE BARCEL ', '7501000266234', 20, 20, 25, 25, 13),
(154, 'CHIPS PARAISO BARCEL 46GR', '7501030449171', 20, 6, 25, 7.5, 13),
(155, 'CHIPS SAL 41GR BARCEL', '7501000260669', 20, 6, 25, 7.5, 13),
(156, 'CHURRUMAIS CON LIMONCITO ', '7501011132283', 20, 3.5, 25, 4.375, 13),
(157, 'CRUJUITOS QUESO Y CHILE 4', '7501011133426', 20, 4.5, 25, 5.625, 13),
(158, 'DORITOS DIABLO 46G', '7501011123595', 20, 4.5, 25, 5.625, 13),
(159, 'DORITOS INCOGNITA 46G', '7501011123878', 20, 4.5, 25, 5.625, 13),
(160, 'DORITOS NACHO SABRITAS 15', '7501011123700', 20, 14.5, 25, 18.125, 13),
(161, 'DORITOS PIZZEROLAS 46G', '7501011123380', 20, 4.5, 25, 5.625, 13),
(162, 'DORITOS SALSA VERDE 46G', '7501011123601', 20, 4.5, 25, 5.625, 13),
(163, 'DORITOS TORO 46G', '7501011125612', 20, 4.5, 25, 5.625, 13),
(164, 'FRITO CHORIZO Y CHIPOTLE ', '7501011112254', 20, 4, 25, 5, 13),
(165, 'FRITOS CHILE 52G', '7501011116252', 20, 4.5, 25, 5.625, 13),
(166, 'FRITOS SAL Y LIMON 52G', '7501011110335', 20, 4.5, 25, 5.625, 13),
(167, 'GOLDEN NUTS SALADOS 43G', '7501000167449', 20, 4, 25, 5, 13),
(168, 'LENGUAS DE DRAGONEX 1/28G', '7501030458685', 20, 3.5, 25, 4.375, 13),
(169, 'ONDAS DE BARCEL 40GR', '7501000260614', 20, 6, 25, 7.5, 13),
(170, 'ONDAS SKATE DE BARCEL 40G', '7501030441403', 20, 6, 25, 7.5, 13),
(171, 'PALOMITAS ACT II MANTEQUI', '7501006550023', 20, 4, 25, 5, 13),
(172, 'PALOMITAS ACT II MANTEQUI', '7501006555011', 20, 4, 25, 5, 13),
(173, 'PALOMITAS ACT II MANTEQUI', '7501006550016', 20, 4, 25, 5, 13),
(174, 'PALOMITAS ACT II NATURAL ', '7501006550009', 20, 4, 25, 5, 13),
(175, 'PAPA ADOBADA CH. SABRITAS', '7501011101463', 20, 5.5, 25, 6.875, 13),
(176, 'PAPA CASERAS DE SAL 48G', '7501011102316', 20, 6, 25, 7.5, 13),
(177, 'PAPA LIMON CH 40G', '7501011101678', 20, 5.5, 25, 6.875, 13),
(178, 'PAPA SAL CHICA SABRITAS 3', '7501011101456', 20, 5.5, 25, 6.875, 13),
(179, 'PAPAS BARCEL CHIPS A LA D', '7501000171842', 20, 20, 25, 25, 13),
(180, 'PAPAS BARCEL CHIPS DE SAL', '7501000266203', 20, 20, 25, 25, 13),
(181, 'PAPAS BARCEL TOREADAS HAB', '7501000394883', 20, 20, 25, 25, 13),
(182, 'PAPAS CHIPS BARCEL EXTRA ', '7501030478485', 20, 6, 25, 7.5, 13),
(183, 'PAPAS SABRITAS AMARILLAS ', '7501011102033', 20, 13.5, 25, 16.875, 13),
(184, 'PAPAS SABRITAS ORIGINALES', '7501011101999', 20, 22, 25, 27.5, 13),
(185, 'PASTA DENTAL COLGATE MAXI', '7501035911031', 20, 14.5, 25, 18.125, 13),
(186, 'PEPITAS C/CASCARA GOLDEN ', '7501000168200', 20, 4, 25, 5, 13),
(187, 'POFFETS QUESO 30G', '7501011155343', 20, 3, 25, 3.75, 13),
(188, 'RANCHERITOS CHICO 45G', '7501011125957', 20, 3.5, 25, 4.375, 13),
(189, 'RANCHERITOS SABRITAS 160G', '7501011125308', 20, 14.5, 25, 18.125, 13),
(190, 'RUFFLE CHILE LIMON 40G', '7501011105171', 20, 5.5, 25, 6.875, 13),
(191, 'RUFFLE QUESO CH.40G', '7501011104099', 20, 5.5, 25, 6.875, 13),
(192, 'RUFFLES CREMA Y ESPECIAS ', '7501011104792', 20, 5.5, 25, 6.875, 13),
(193, 'RUFFLES EXTRA PICANTE SAB', '7501011105867', 20, 5.5, 25, 6.875, 13),
(194, 'RUFFLES SALADA CHICA SABR', '7501011102095', 20, 5.5, 25, 6.875, 13),
(195, 'RUNNERS DE BARCEL 50GR', '7501000222612', 20, 4, 25, 5, 13),
(196, 'SABRITAS CASERAS JALAPEÑO', '7501011102330', 20, 6, 25, 7.5, 13),
(197, 'SABRITAS CHILE PIQUIN 40G', '7501011103726', 20, 5, 25, 6.25, 13),
(198, 'SABRITAS HABANERO LIMON 4', '7501011105416', 20, 5.5, 25, 6.875, 13),
(199, 'TAKIS FUEGO DE BARCEL 52G', '7501030424536', 20, 4, 25, 5, 13),
(200, 'TAKIS HUAKAMOLES DE BARCE', '7501000148288', 20, 4, 25, 5, 13),
(201, 'TAKIS SALSA BRAVA DE BARC', '7501000166923', 20, 4, 25, 5, 13),
(202, 'TAKIS VERDES DE BARCEL 59', '7501000164370', 20, 4, 25, 5, 13),
(203, 'TOREADAS DE BARCEL 40GR', '7501000360604', 20, 6, 25, 7.5, 13),
(204, 'TOREADAS SERRANO DE BARCE', '7501030426813', 20, 20, 25, 25, 13),
(205, 'TOSTACHOS DE BARCEL 45GR', '7501000264841', 20, 4, 25, 5, 13),
(206, 'XPLOSIVOS DE BARCEL 25GR', '7501000263424', 20, 3.5, 25, 4.375, 13),
(207, 'CAFE DE GRANO LEGAL 60/34', '7501052410081', 20, 3.5, 25, 4.375, 14),
(208, 'CAFE DE GRANO LEGAL TOSTA', '7501052411217', 20, 3, 25, 3.75, 14),
(209, 'CAFE DECAF 24/100', '7501001602413', 20, 29, 25, 36.25, 14),
(210, 'CAFE LEGAL 48/200G', '7501052411316', 20, 14.6, 25, 18.25, 14),
(211, 'AFE MAXIMA 12/50', '823703800360', 20, 14, 25, 17.5, 14),
(212, 'CAFE NESCAFE 12/50G', '7501059224841', 20, 17, 25, 21.25, 14),
(213, 'CAFE NESCAFE CLASICO SOBR', '7501059292390', 20, 4, 25, 5, 14),
(214, ' CAFE NESCAFE MOKACCINO 1', '7501059299253', 20, 4, 25, 5, 14),
(215, 'NESCAFE CLASICO 200G', '7501059224827', 20, 51, 25, 63.75, 14),
(216, 'NESCAFE CLASICO 50GR', '7501059224821', 20, 15, 25, 18.75, 14),
(217, ' CAJETA CORONADO ENVINADA', '74323083620', 20, 21.9, 25, 27.375, 15),
(218, ' CAJETA CORONADO QUEMADA ', '74323083651', 20, 21.9, 25, 27.375, 15),
(219, ' CAJETA CORONADO VAINILLA', '74323083644', 20, 21.9, 25, 27.375, 15),
(220, 'CAJETA ENVINADA CORONADO ', '7501009301097', 20, 38, 25, 47.5, 15),
(221, 'CAJETA QUEMADA CORONADO 6', '7501009301080', 20, 38, 25, 47.5, 15),
(222, 'CAJETA VAINILLA CORONADO ', '7501009301103', 20, 38, 25, 47.5, 15),
(223, 'CEÌLLO PRO PLUS ONDULADO ', '7501086495191', 20, 15.5, 25, 19.375, 16),
(224, 'CEPILLO INFANTIL MICKEY  ', '7501086495917', 20, 11, 25, 13.75, 16),
(225, 'CEPILLO ORAL-B 1/12P', '7501086494279', 20, 14.5, 25, 18.125, 16),
(226, 'CEPILLO PRO COMPACT 1/12', '7501007508627', 20, 8, 25, 10, 16),
(227, 'CERA COLORFIEL BLANCA 12/', '7501032940201', 20, 8, 25, 10, 17),
(228, 'CERA COLORFIEL NEGRA 12/6', '7501032940102', 20, 8, 25, 10, 17),
(229, 'AVENA 3 MINUTOS QUAKER 36', '7501761810394', 20, 13.5, 25, 16.875, 18),
(230, ' AVENA QUAKER OATS 24/510', '36731135513', 20, 20, 25, 25, 18),
(231, 'CEREAL ZUCARITAS 24/300G', '7501008015025', 20, 17, 25, 21.25, 18),
(232, 'CERILLOS CLASICOS 20/50', '7501142811125', 20, 35.5, 25, 44.375, 19),
(233, 'CERILLOS MANOLA 10/50P', '7501232001238', 20, 30, 25, 37.5, 19),
(234, 'CERILLOS PERLA 10PT./50CE', '7503001262024', 20, 28.5, 25, 35.625, 19),
(235, 'BUBBALOO MENTA 5/70 371 G', '7501056912840', 20, 26, 25, 32.5, 20),
(236, 'CHICLE BUBBALOO YERBABUEN', '75028626', 20, 0.5, 25, 0.625, 20),
(237, 'CHICLE BUBBALOO CEREZA 60', '75026554', 20, 0.5, 25, 0.625, 20),
(238, 'CHICLE BUBBALOO FRESA 60/', '75019815', 20, 0.5, 25, 0.625, 20),
(239, 'CHICLE BUBBALOO FUEGO 60/', '75027131', 20, 0.5, 25, 0.625, 20),
(240, 'CHICLE BUBBALOO MISTERIO ', '75025038', 20, 0.5, 25, 0.625, 20),
(241, 'CHICLE BUBBALOO MORA AZUL', '75019822', 20, 0.5, 25, 0.625, 20),
(242, 'CHICLE BUBBALOO PLATANO 6', '75019839', 20, 0.5, 25, 0.625, 20),
(243, 'CHICLE CLORETS 12P/16.8G', '7506105600440', 20, 5, 25, 6.25, 20),
(244, 'CHICLE FUTY GOM TUTTY FRU', '7501056900472', 20, 3.5, 25, 4.375, 20),
(245, 'CHICLE TRIDENT SPLASH SAN', '7506105600204', 20, 5, 25, 6.25, 20),
(246, 'CHICLE TRIDENT WHITE GREE', '7506105602710', 20, 4, 25, 5, 20),
(247, 'CHICLE TRIDENT WHITE MENT', '7501056900311', 20, 4, 25, 5, 20),
(248, 'CHICLE TRIDENT WHITE YERB', '7501056900328', 20, 4, 25, 5, 20),
(249, 'CHICLE TRIDENT XTRA CARE ', '7506105600228', 20, 5, 25, 6.25, 20),
(250, 'CHICLE TRIDENT XTRA CARE ', '7501056901899', 20, 5, 25, 6.25, 20),
(251, ' CHICLES CANELS 40/60PZAS', '18804002106', 20, 16, 25, 20, 20),
(252, 'CHICLES FUTY GOM 12/29G', '7506105600822', 20, 3.5, 25, 4.375, 20),
(253, 'DETERGENTE AXION LIMON 20', '7509546018935', 20, 16.5, 25, 20.625, 20),
(254, 'TRIDENT WHITE 4´S', '75019778', 20, 1, 25, 1.25, 20),
(255, 'TRIDENT WHITE MORA AZUL 1', '7501056900335', 20, 4, 25, 5, 20),
(256, 'TRIDENT XTRA CARE MENTA 1', '7501056901882', 20, 5, 25, 6.25, 20),
(257, 'TRIDENT XTRA CARE YERBABU', '7501056903947', 20, 5, 25, 6.25, 20),
(258, 'CHILES CHIPOTLES 24/220 G', '7501017005031', 20, 9.3, 25, 11.625, 21),
(259, 'CHILES CHIPOTLES 40/105GR', '7501017006021', 20, 4.8, 25, 6, 21),
(260, 'CHILES CHIPOTLES SAN MARC', '7501023318040', 20, 8.5, 25, 10.625, 21),
(261, 'CHILES JALAPEÑOS 24/380 G', '7501017004003', 20, 6.9, 25, 8.625, 21),
(262, 'CHILES JALAPEÑOS LA COSTE', '7501017003006', 20, 13, 25, 16.25, 21),
(263, 'CHILES JALAPEÑOS SAN MARC', '7501023310020', 20, 11.5, 25, 14.375, 21),
(264, 'CHILES JALAPEÑOS SAN MARC', '7501023310044', 20, 3.8, 25, 4.75, 21),
(265, 'CHILES JALAPEÑOS SAN MARC', '7501023310013', 20, 29, 25, 36.25, 21),
(266, 'CHILES LARGOS SAN MARCOS ', '7501023314028', 20, 16, 25, 20, 21),
(267, 'CHILPOTLES SAN MARCOS 40/', '7501023318057', 20, 4.5, 25, 5.625, 21),
(268, 'NACHOS DE JALAPEÑOS LA CO', '7501017002061', 20, 38.9, 25, 48.625, 21),
(269, 'RAJAS DE JALAPEÑO EN ESCA', '7501017003020', 20, 15.5, 25, 19.375, 21),
(270, 'RAJAS ROJAS DE CHILES JAL', '7501023312055', 20, 2.9, 25, 3.625, 21),
(271, 'RAJAS VERDES DE CHILES JA', '7501023311058', 20, 2.9, 25, 3.625, 21),
(272, 'CARLOS V CHOCO 100S 16/23', '7501073423008', 20, 3, 25, 3.75, 22),
(273, 'CHOC. KINDER DELICE 10pza', '8000500034811', 20, 38, 25, 47.5, 22),
(274, 'CHOC. POLVO CHOCOMILK SOB', '750109467219', 20, 2.5, 25, 3.125, 22),
(275, 'CHOCOLATE ABUELITA TABLIL', '7501073411173', 20, 6, 25, 7.5, 22),
(276, 'CHOCOLATE BOCADIN 50P/12.', '25046150137', 20, 1, 25, 1.25, 22),
(277, 'CHOCOLATE CAJETOSO NOUGAT', '7501073417052', 20, 6, 25, 7.5, 22),
(278, 'CHOCOLATE CRUNCH NESTLE 6', '7501059223905', 20, 7.5, 25, 9.375, 22),
(279, 'CHOCOLATE EN POLVO CHOCO ', '7501014300054', 20, 12.5, 25, 15.625, 22),
(280, 'CHOCOLATE FERRERO ROCHER ', '7898024390107', 20, 4.5, 25, 5.625, 22),
(281, 'CHOCOLATE HERSHEY`S COOKI', '75011192', 20, 7.5, 25, 9.375, 22),
(282, 'CHOCOLATE KINDER DELICE 4', '80052463', 20, 6, 25, 7.5, 22),
(283, 'CHOCOLATE LA CUBANA 17 30', '7501063900953', 20, 45, 25, 56.25, 22),
(284, 'CHOCOLATE LA ROSA 16/21G', '724869004060', 20, 3, 25, 3.75, 22),
(285, 'CHOCOLATE LARIN CON AVELL', '7501059209374', 20, 5, 25, 6.25, 22),
(286, 'CHOCOLATE LARIN CON NUECE', '7501059209398', 20, 5, 25, 6.25, 22),
(287, 'CHOCOLATE LARIN DE ALMEND', '7501059209381', 20, 5, 25, 6.25, 22),
(288, 'CHOCOLATE MILKY WAY 6/58G', '401010', 20, 7.5, 25, 9.375, 22),
(289, 'CHOCOLATE SNICKERS 6/58.G', '401020', 20, 7.5, 25, 9.375, 22),
(290, 'CHOCOLATES FERRERO CORAZO', '7898024395072', 20, 44.5, 25, 55.625, 22),
(291, 'CHOCOLATES KISSES HERSHEY', '7501024523733', 20, 59, 25, 73.75, 22),
(292, 'NUCITA BARRITA 60/10G', '75024642', 20, 1, 25, 1.25, 22),
(293, 'CIGARROS CAMEL 10/20', '830831', 20, 2.5, 25, 3.125, 23),
(294, 'CIGARROS DELICADOS CON FI', '75022907', 20, 18, 25, 22.5, 23),
(295, 'CIGARROS MARLBORO 10/20P', '75001322', 20, 2.5, 25, 3.125, 23),
(296, 'BLANQUEADOR CLORALEX 15/1', '75000615', 20, 7, 25, 8.75, 24),
(297, 'BLANQUEADOR CLORALEX 20/5', '75000608', 20, 4, 25, 5, 24),
(298, 'CALDO DE POLLO KNOR SUIZA', '7501005199292', 20, 25.5, 25, 31.875, 25),
(299, 'CALDO DE POLLO KNOR SUIZA', '7501005180658', 20, 11, 25, 13.75, 25),
(300, 'CALDO DE POLLO KNOR SUIZA', '7501005181365', 20, 9.3, 25, 11.625, 25),
(301, 'CONS. DE POLLO KNORR-SUIZ', '7501005103305', 20, 122.5, 25, 153.125, 25),
(302, 'CONSOME KNOR SUIZA 12/132', '7501005196499', 20, 12.5, 25, 15.625, 25),
(303, 'CONSOME KNOR SUIZA EXHIB.', '7501005117180', 20, 119.5, 25, 149.375, 25),
(304, 'SUSTITUTO DE CREMA PARA C', '50000131655', 20, 22, 25, 27.5, 26),
(305, 'SUSTITUTO DE CREMA PARA C', '50000131952', 20, 32.9, 25, 41.125, 26),
(306, 'CHAROLA TERMICA #PH6 20/2', '7502208805201', 20, 6.5, 25, 8.125, 27),
(307, 'CHAROLA TERMICA REYMA #06', '7502208805003', 20, 11, 25, 13.75, 27),
(308, 'CHAROLA TERMICA REYMA #9 ', '7502208805171', 20, 9, 25, 11.25, 27),
(309, 'CHAROLA TERMICA#885 JAGUA', '752216081051', 20, 12, 25, 15, 27),
(310, 'CHAROLA TERMINCA REYMA 85', '7502208805010', 20, 12, 25, 15, 27),
(311, 'CUCHARA GRANDE PREMIER 25', '7503004361663', 20, 6.5, 25, 8.125, 27),
(312, 'CUCHARA PLAST.PASTELERA 5', '738377010161', 20, 5, 25, 6.25, 27),
(313, 'PAÑAL DESECHABLE BEBIN GR', '619585006316', 20, 82, 25, 102.5, 27),
(314, 'PLATO TERMICO REYMA #PH8 ', '7502208805218', 20, 9, 25, 11.25, 27),
(315, 'TENEDOR GIGANTE WOW 40/25', '738377101005', 20, 5.3, 25, 6.625, 27),
(316, 'VASO JAGUAR Nº16 20/50', '752216031117', 20, 17, 25, 21.25, 27),
(317, 'VASO JAGUAR Nº6 50/20', '752216021019', 20, 4, 25, 5, 27),
(318, 'VASO JAGUAR PLASTICO #10 ', '752216031025', 20, 11, 25, 13.75, 27),
(319, 'VASO JAGUAR PLASTICO #8 2', '752216030011', 20, 10, 25, 12.5, 27),
(320, 'VASO JAGUAR#8 20/50', '752216031094', 20, 11, 25, 13.75, 27),
(321, 'VASO TERMICO #10 REYMA 40', '7502208800190', 20, 6, 25, 7.5, 27),
(322, 'DETERGENTE LIQ PARA ROPA ', '7501026028045', 20, 14.5, 25, 18.125, 28),
(323, 'DETERGENTE LIQ. MAS COLOR', '7501199400136', 20, 115.5, 25, 144.375, 28),
(324, 'DETERGENTE LIQUIDO PARA R', '7501026028007', 20, 14.5, 25, 18.125, 28),
(325, 'DETERGENTE LIQUIDO VEL RO', '7501035904071', 20, 26.2, 25, 32.75, 28),
(326, 'DETERGENTE LIQUIDO VEL RO', '7501035904040', 20, 13, 25, 16.25, 28),
(327, 'DETERGENTE MAS COLOR 18/1', '7501199400112', 20, 21, 25, 26.25, 28),
(328, 'LAVATRASTES AXION  LIMON ', '7509546017150', 20, 21, 25, 26.25, 28),
(329, 'LAVATRASTES BRILOZA 12/73', '7501026054501', 20, 16, 25, 20, 28),
(330, 'AJAX BICLORO EN POLVO 48/', '7501035910072', 20, 8.7, 25, 10.875, 29),
(331, 'ARIEL OXIAZUL 48/250G', '7501065908841', 20, 5.5, 25, 6.875, 29),
(332, 'AXION ARRANCAGRASA 36/500', '7501035901148', 20, 7.5, 25, 9.375, 29),
(333, 'DETERGENTE ACE ACTIBLU 50', '7501007445557', 20, 10, 25, 12.5, 29),
(334, 'DETERGENTE ACE ACTIBLU 6K', '7590002011256', 20, 108.5, 25, 135.625, 29),
(335, 'DETERGENTE ARIEL OXI AZUL', '7501007455785', 20, 10.2, 25, 12.75, 29),
(336, 'DETERGENTE ARIEL OXIANILL', '7590002012123', 20, 165, 25, 206.25, 29),
(337, 'DETERGENTE BLANCA NIEVES ', '7501026027536', 20, 19.8, 25, 24.75, 29),
(338, 'DETERGENTE BLANCA NIEVES ', '7501026027543', 20, 10.5, 25, 13.125, 29),
(339, 'DETERGENTE BLANCA NIEVES ', '7501026027499', 20, 77, 25, 96.25, 29),
(340, 'DETERGENTE BLANCA NIEVES ', '7501026027550', 20, 5.5, 25, 6.875, 29),
(341, 'DETERGENTE BLANCA NIEVES ', '7501026027482', 20, 189, 25, 236.25, 29),
(342, 'DETERGENTE BOLD 2 EN 1 LI', '7501006705676', 20, 15.3, 25, 19.125, 29),
(343, 'DETERGENTE BOLD 24/500', '7501001106690', 20, 9, 25, 11.25, 29),
(344, 'DETERGENTE BOLD 60/250G', '7501001132187', 20, 4.5, 25, 5.625, 29),
(345, 'DETERGENTE BOLD ALOE VERA', '7501001308919', 20, 15.5, 25, 19.375, 29),
(346, 'DETERGENTE BOLD ALOEVERA ', '7501001401641', 20, 4.5, 25, 5.625, 29),
(347, 'DETERGENTE BRILOZA10/1K', '7501026027727', 20, 16, 25, 20, 29),
(348, 'DETERGENTE DOÑA BLANCA 10', '7501026002601', 20, 16.5, 25, 20.625, 29),
(349, 'DETERGENTE DOÑA BLANCA 20', '7501026002618', 20, 8.3, 25, 10.375, 29),
(350, 'DETERGENTE EN POLVO SUPER', '7501035910065', 20, 6.5, 25, 8.125, 29),
(351, 'TERGENTE EN POLVO UTIL 1/', '12388000572', 20, 133, 25, 166.25, 29),
(352, 'DETERGENTE FOCA 10/1KG', '7501026026546', 20, 21.5, 25, 26.875, 29),
(353, 'DETERGENTE FOCA 10/2G', '7501026026539', 20, 41.8, 25, 52.25, 29),
(354, 'DETERGENTE FOCA 20/500', '7501026026560', 20, 10.9, 25, 13.625, 29),
(355, 'DETERGENTE FOCA 4/5K', '7501026026508', 20, 107.5, 25, 134.375, 29),
(356, 'DETERGENTE FOCA 40/250', '7501026026577', 20, 5.8, 25, 7.25, 29),
(357, 'DETERGENTE M. LIMPIO 10/1', '7590002041147', 20, 20, 25, 25, 29),
(358, 'DETERGENTE PURO SOL 10/1K', '7501026015502', 20, 17.5, 25, 21.875, 29),
(359, 'DETERGENTE PURO SOL 20/50', '7501026015496', 20, 8.9, 25, 11.125, 29),
(360, 'DETERGENTE ROMA 10/1K', '7501026004605', 20, 21, 25, 26.25, 29),
(361, 'DETERGENTE ROMA 10/2K', '7501026004537', 20, 41, 25, 51.25, 29),
(362, 'DETERGENTE ROMA 20/500G', '7501026004612', 20, 10.5, 25, 13.125, 29),
(363, 'DETERGENTE ROMA 4/5G', '7501026004483', 20, 78, 25, 97.5, 29),
(364, 'DETERGENTE ROMA 40/250G', '7501026004629', 20, 5.5, 25, 6.875, 29),
(365, 'DETERGENTE ROMA BTO 10 KI', '7501026004506', 20, 196, 25, 245, 29),
(366, 'DETERGENTE VIVA CON BLANQ', '7501035901360', 20, 4.5, 25, 5.625, 29),
(367, 'JABON EN POLVO BLANCA NIE', '7501026027529', 20, 40, 25, 50, 29),
(368, 'LAVATRASTES BRILOZA 20/50', '7501026027734', 20, 7.9, 25, 9.875, 29),
(369, 'LIMPIADOR BRASSO LIMPIAVI', '7501058752123', 20, 26, 25, 32.5, 29),
(370, 'BANDERILLA TAMAROCA 16/40', '7501607500083', 20, 31, 25, 38.75, 30),
(371, 'RINQUITOS 24/100PZAS', '743895869139', 20, 19, 25, 23.75, 30),
(372, 'LOO MENTA  371g/60pzas', '75019792', 20, 0.5, 25, 0.625, 30),
(373, 'BUBBALOO MISTERIO 318g/60', '7506105610784', 20, 26, 25, 32.5, 30),
(374, 'BUBBALOO MORA AZUL 371g/7', '7501056912642', 20, 26, 25, 32.5, 30),
(375, 'BUBBALOO PLATANO 318g/60p', '7501056912963', 20, 26, 25, 32.5, 30),
(376, 'BUBBALOO TUTTI-FRITTI 318', '7501056912604', 20, 26, 25, 32.5, 30),
(377, ' CARAMELO TOMMY 20/100P', '24142020009', 20, 23.5, 25, 29.375, 30),
(378, 'CHICLOSO BOCATI 20/100P', '741217001014', 20, 18.5, 25, 23.125, 30),
(379, ' CHOCOLATE BOCADIN 12/50P', '25046501052', 20, 26.5, 25, 33.125, 30),
(380, 'CRAYON MANGO LOCO 24/10PZ', '719886120015', 20, 25, 25, 31.25, 30),
(381, 'DULCE DE TAMARINDO MINIPU', '725226066622', 20, 1, 25, 1.25, 30),
(382, 'DULCE WINISCUDRETA 24/150', '754177846144', 20, 16.5, 25, 20.625, 30),
(383, 'DUVALIN AVELLANA Y VAINIL', '252056', 20, 1.5, 25, 1.875, 30),
(384, 'DUVALIN TRI SABOR 24/15', '252671', 20, 1.5, 25, 1.875, 30),
(385, 'GELATINAS DELICIAS MINI G', '7506060935014', 20, 47.5, 25, 59.375, 30),
(386, 'MALVAV. GRANDE 420g', '724869000192', 20, 9.5, 25, 11.875, 30),
(387, 'MALVAV. LA ROSA SUPER GIG', '724869000871', 20, 20, 25, 25, 30),
(388, 'MALVAVISCO CON CHOCOLATE ', '724869000239', 20, 22, 25, 27.5, 30),
(389, 'MAZAPAN 30/28GR LA ROSA', '724869100106', 20, 1.5, 25, 1.875, 30),
(390, 'MINI PULPARINDO 24/24', '725226000213', 20, 12, 25, 15, 30),
(391, 'MINI-PELON PELO RICO', '719886510878', 20, 19.5, 25, 24.375, 30),
(392, ' MONEDAS NUTRESA 24/48PZA', '7501088210624', 20, 21.6, 25, 27, 30),
(393, 'ALETA CLASICA 24/40PZAS', '24142004054', 20, 16.5, 25, 20.625, 30),
(394, 'PALETA PIÑA LOCA 32/40P', '788843032524', 20, 15, 25, 18.75, 30),
(395, 'PALETON CORONA 25G', '745404566317', 20, 2.5, 25, 3.125, 30),
(396, 'PASTILLA HALLS FRESA 16/3', '7506105601737', 20, 4, 25, 5, 30),
(397, 'PASTILLA HALLS MENTA 16/3', '7501056900755', 20, 4, 25, 5, 30),
(398, 'PASTILLA HALLS PALOMA 16/', '7506105601775', 20, 4, 25, 5, 30),
(399, 'PASTILLA HALLS X-SENS CER', '7506105600747', 20, 3.5, 25, 4.375, 30),
(400, 'PASTILLA HALLS YERBABUENA', '7501056900762', 20, 4, 25, 5, 30),
(401, 'SUPER REBANADAS SANDIAS 1', '7502225960037', 20, 30, 25, 37.5, 30),
(402, 'TAMBORINDO 20GRS', '75014995', 20, 1.5, 25, 1.875, 30),
(403, ' ENCENDEDOR BIC GDE 1/15P', '70330617278', 20, 10, 25, 12.5, 31),
(404, ' ENCENDEDOR MINI BIC 1/15', '70330617285', 20, 8, 25, 10, 31),
(405, 'ENCENDEDOR TOKAI MINI FOR', '7501086106462', 20, 5.5, 25, 6.875, 31),
(406, 'ENDULZANTE CANDEREL 12/10', '7792129002319', 20, 43, 25, 53.75, 32),
(407, 'ENDULZANTE SPLENDA  100/1', '722776020029', 20, 51, 25, 63.75, 32),
(408, 'ENJUAGUE BUCAL ASTRINGOSO', '7501027875839', 20, 23.9, 25, 29.875, 33),
(409, 'ENJUAGUE BUCAL ASTRINGOSO', '7501027875822', 20, 23.9, 25, 29.875, 33),
(410, 'ENJUAGUE LISTERINE ANTI-S', '312547321921', 20, 46.5, 25, 58.125, 33),
(411, 'ATE DE GUAYABA LA COSTEÑA', '7501017003143', 20, 18, 25, 22.5, 34),
(412, 'ATE DE MEMBRILLO LA COSTE', '7501017003174', 20, 18.8, 25, 23.5, 34),
(413, 'ATUN CALMEX C/ACEITE 48/1', '7501007809113', 20, 8.3, 25, 10.375, 34),
(414, 'ATUN DOLORES C/ACEITE 48/', '7501045400044', 20, 8.5, 25, 10.625, 34),
(415, 'ATUN EN ACEITE HERDEZ 48/', '7501003129277', 20, 8.5, 25, 10.625, 34),
(416, 'ATUN HERDEZ EN AGUA 24/29', '7501003129192', 20, 17.5, 25, 21.875, 34),
(417, 'ATUN HERDEZ EN AGUA 48/17', '7501003129284', 20, 8.5, 25, 10.625, 34),
(418, 'ATUN LIGHT DOLORES 170G/4', '7501045400068', 20, 8.5, 25, 10.625, 34),
(419, 'ATUN NAIR C/ACEITE 48/170', '7501023602002', 20, 7.5, 25, 9.375, 34),
(420, 'CHICHARO CON ZANAHORIAS L', '7501017005826', 20, 4.9, 25, 6.125, 34),
(421, 'CHICHAROS LA COSTEÑA 24/2', '7501017005314', 20, 4, 25, 5, 34),
(422, 'ELOTE DORADO ENTERO LA CO', '7501017005321', 20, 6, 25, 7.5, 34),
(423, 'ELOTE DORADO ENTERO LA CO', '7501017004515', 20, 9.8, 25, 12.25, 34),
(424, 'ENSALADA DE LEGUMBRES HER', '7501003124340', 20, 7, 25, 8.75, 34),
(425, 'ENSALADA DE LEGUMBRES HER', '7501003124333', 20, 4, 25, 5, 34),
(426, 'ENSALADA DE VERDURAS LA C', '7501017005345', 20, 5.5, 25, 6.875, 34),
(427, 'ENSALADA DE VERDURAS LA C', '7501017004157', 20, 8.7, 25, 10.875, 34),
(428, 'FRIJOLES BAYOS REFRITOS L', '7501017004270', 20, 9.7, 25, 12.125, 34),
(429, 'FRIJOLES BAYOS REFRITOS L', '7501052424033', 20, 7, 25, 8.75, 34),
(430, 'FRIJOLES ENTEROS LA COSTE', '7501017004362', 20, 7.2, 25, 9, 34),
(431, 'FRIJOLES REFRITOS NEGROS ', '7501017004423', 20, 9.7, 25, 12.125, 34),
(432, 'PURE DE TOMATE CONDIMENTA', '7501017005161', 20, 4.5, 25, 5.625, 34),
(433, 'SALSA PICANTE BOTANERA LA', '7501017004751', 20, 5.3, 25, 6.625, 34),
(434, 'SARDINA CALMEX 425G', '7501007829500', 20, 11, 25, 13.75, 34),
(435, 'SARDINA MAREDEN 24/425', '7501074800099', 20, 11.5, 25, 14.375, 34),
(436, 'ESCOBA PERICO 24/1P', '7502237250102', 20, 23, 25, 28.75, 35),
(437, 'ANTIGRIPAL XL-3 TABLETAS ', '7501535300168', 20, 2, 25, 2.5, 36),
(438, 'ASPIRINA EFERVESCENTE 12P', '7501008496701', 20, 1.5, 25, 1.875, 36),
(439, 'ASPIRINA TABLETA 100TAB/5', '7501008496152', 20, 1.5, 25, 1.875, 36),
(440, 'JERINGA CON AHUJA TERUMO ', '4806017501334', 20, 1.5, 25, 1.875, 36),
(441, 'PEPTOBISMOL TABLETAS MAST', '7501001258030', 20, 2.5, 25, 3.125, 36),
(442, 'SAL DE UVAS PICOT 1/50+10', '7501095451201', 20, 1.5, 25, 1.875, 36),
(443, 'TABCIN ACTIVE CAPSULAS GR', '7501008485057', 20, 3.5, 25, 4.375, 36),
(444, 'TABCIN NOCHE GRIPE Y TOS ', '7501008485033', 20, 3.5, 25, 4.375, 36),
(445, 'TERRAMICINA CAPSULAS 16/5', '7501287630926', 20, 6, 25, 7.5, 36),
(446, 'TERRAMICINA TROCISCOS 24/', '7501287630506', 20, 3, 25, 3.75, 36),
(447, 'VICK VAPORRUB 1/12', '7501001246730', 20, 82, 25, 102.5, 36),
(448, 'VAPORUB 12/12G', '75916565', 20, 7.5, 25, 9.375, 36),
(449, 'GEL XTREME 24/250G', '7503002163320', 20, 7, 25, 8.75, 37),
(450, 'GEL XTREME 24/250G', '7503002163023', 20, 7, 25, 8.75, 37),
(451, 'GEL XTREME NARANJA 24/250', '7503002163221', 20, 7, 25, 8.75, 37),
(452, 'GEL XTREME VERDE 24/250G', '7503002163627', 20, 7, 25, 8.75, 37),
(453, 'SPRAY AQUA NET EXTRA SUPE', '7501056341596', 20, 19, 25, 23.75, 37),
(454, 'SPRAY FIJADOR CAPRICE ACT', '7509546016115', 20, 24, 25, 30, 37),
(455, ' FOCO PHILIPS 100WATS 20/', '46677110161', 20, 3.5, 25, 4.375, 38),
(456, ' FOCO PHILIPS 60WATS 20/1', '46677110147', 20, 3.5, 25, 4.375, 38),
(457, ' COCTEL DE FRUTAS CORINA ', '58897090536', 20, 18, 25, 22.5, 39),
(458, 'DURAZNOS ALMIBAR MITADES ', '823703800018', 20, 20, 25, 25, 39),
(459, 'BARRITAS MARINELA SABOR F', '7501000355556', 20, 4, 25, 5, 40),
(460, 'BARRITAS NARANJA MARINELA', '7501030489443', 20, 4, 25, 5, 40),
(461, 'BOMBONETES ICE MARINELA 5', '7501030421924', 20, 6, 25, 7.5, 40),
(462, 'CANELITAS TUBO 250G', '7501000154142', 20, 12, 25, 15, 40),
(463, 'CHOCO ROLES MARINELA 67GR', '75002275', 20, 6, 25, 7.5, 40),
(464, 'GALLETA COMBINADA SAURIS ', '38629000941', 20, 1, 25, 1.25, 40),
(465, 'GALLETA LA MODERNA EXHIBI', '38629000514', 20, 3, 25, 3.75, 40),
(466, 'GALLETA LA MODERNA EXHIBI', '38629001368', 20, 3, 25, 3.75, 40),
(467, 'GALLETA LA MODERNA EXHIBI', '38629001344', 20, 3, 25, 3.75, 40),
(468, 'GALLETA LA MODERNA EXHIBI', '38629001351', 20, 3, 25, 3.75, 40),
(469, 'GALLETA LA MODERNA EXHIBI', '38629001016', 20, 3, 25, 3.75, 40),
(470, 'GALLETA NAPOLITANA CUETAR', '7501008761410', 20, 8, 25, 10, 40),
(471, 'GALLETAS BARRITAS DE FRES', '7501000133055', 20, 4, 25, 5, 40),
(472, 'GALLETAS BARRITAS PIÑA MA', '7501000133031', 20, 4, 25, 5, 40),
(473, 'GALLETAS CANELITAS MARINE', '75002220', 20, 3.5, 25, 4.375, 40),
(474, 'GALLETAS CUETARA CHAVALIN', '7501008766606', 20, 7, 25, 8.75, 40),
(475, 'GALLETAS CUETARA HOJALDRA', '7501008713198', 20, 9, 25, 11.25, 40),
(476, 'GALLETAS CUETARA SURTIDO ', '7501008753422', 20, 10.8, 25, 13.5, 40),
(477, 'GALLETAS LORS MARINELA 89', '7501000127344', 20, 5, 25, 6.25, 40),
(478, 'GALLETAS MEXICANA CUETARA', '7501008703441', 20, 4, 25, 5, 40),
(479, 'GALLETAS PLATIVOLOS MARIN', '7501000128174', 20, 5, 25, 6.25, 40),
(480, 'GALLETAS POLVO-RONES MARI', '75002251', 20, 3.5, 25, 4.375, 40),
(481, 'GALLETAS PRINCIPE FRESA M', '7501000146772', 20, 5.5, 25, 6.875, 40),
(482, 'GALLETAS PRINCIPE LIMON M', '7501030448976', 20, 5.5, 25, 6.875, 40),
(483, 'GALLETAS PRINCIPE MARINEL', '7501000128167', 20, 6, 25, 7.5, 40),
(484, 'GALLETAS PRINCIPE TUBO MA', '7501000154708', 20, 12, 25, 15, 40),
(485, 'GALLETAS SPONCH MARINELA ', '7501000138944', 20, 7, 25, 8.75, 40),
(486, 'GALLETAS SUAVICREMAS VAIN', '7501030419884', 20, 4, 25, 5, 40),
(487, 'GALLETAS TRIKI-TRAKES MAR', '7501000140855', 20, 4.5, 25, 5.625, 40),
(488, 'GALLETAS TRIKI-TRAKES TUB', '7501000154227', 20, 12, 25, 15, 40),
(489, 'GANSITO MARINELA 50GR', '7501000153107', 20, 5, 25, 6.25, 40),
(490, 'NAPOLITANO MARINELA 70GR', '75002244', 20, 5, 25, 6.25, 40),
(491, 'PAY CON NUEZ MARINELA 70G', '7501000153541', 20, 8.5, 25, 10.625, 40),
(492, 'PAY DE PIÑA MARINELA 85GR', '7501000153503', 20, 8, 25, 10, 40),
(493, 'PINGüINOS MARINELA 80GR', '7501000153800', 20, 6, 25, 7.5, 40),
(494, 'PLATIVOLOS TUBO 193G', '7501000154234', 20, 12, 25, 15, 40),
(495, 'POLVORONES TUBO 280G', '7501000154630', 20, 12, 25, 15, 40),
(496, 'PRINCIPE FRESA TUBO 205G', '7501030418146', 20, 12, 25, 15, 40),
(497, 'QUECHITOS DE BARCEL 25GR', '7501000161287', 20, 3.5, 25, 4.375, 40),
(498, 'ROCKO MARINELA 44G', '7501000153763', 20, 3, 25, 3.75, 40),
(499, 'SUAVICREMAS CHOCOLATE 205', '7501000154562', 20, 12, 25, 15, 40),
(500, 'SUAVICREMAS CHOCOLATE MAR', '7501030419860', 20, 4, 25, 5, 40),
(501, 'SUAVICREMAS FRESA 205G', '7501000154548', 20, 12, 25, 15, 40),
(502, 'SUAVICREMAS FRESA MARINEL', '7501030419877', 20, 4, 25, 5, 40),
(503, 'SUAVICREMAS VAINILLA 205G', '7501000154531', 20, 12, 25, 15, 40),
(504, 'SUBMARINOS CHOCOLATE MARI', '7501000153343', 20, 5, 25, 6.25, 40),
(505, 'SUBMARINOS DE CHOCOLATE M', '7501000156214', 20, 7.5, 25, 9.375, 40),
(506, 'SUBMARINOS DE FRESA MARIN', '7501000153374', 20, 7.5, 25, 9.375, 40),
(507, 'SUBMARINOS DE VAINILLA MA', '7501000153282', 20, 7.5, 25, 9.375, 40),
(508, 'SUBMARINOS FRESA MARINELA', '7501000153329', 20, 5, 25, 6.25, 40),
(509, 'SUBMARINOS VAINILLA MARIN', '7501000153305', 20, 5, 25, 6.25, 40),
(510, 'TOSTACREM ROLLO 20/100GR', '7501008758397', 20, 4, 25, 5, 40),
(511, 'GELATICA D´GARI SABOR PIÑ', '735257001103', 20, 5.5, 25, 6.875, 41),
(512, 'GELATINA D´GARI CHOCOLATE', '735257001127', 20, 5.5, 25, 6.875, 41),
(513, 'GELATINA D´GARI DURAZNO 1', '735257001028', 20, 5.5, 25, 6.875, 41),
(514, 'GELATINA D´GARI FRAMBUESA', '735257001202', 20, 5.5, 25, 6.875, 41),
(515, 'GELATINA D´GARI GROSELLA ', '735257001196', 20, 5.5, 25, 6.875, 41),
(516, 'GELATINA D´GARI JEREZ 170', '735257001066', 20, 5.5, 25, 6.875, 41),
(517, 'GELATINA D´GARI LIMON170G', '735257001073', 20, 5.5, 25, 6.875, 41),
(518, 'GELATINA D´GARI MANZANA 1', '735257001189', 20, 5.5, 25, 6.875, 41),
(519, 'GELATINA D´GARI MORA SILV', '735257001226', 20, 5.5, 25, 6.875, 41),
(520, 'GELATINA D´GARI NARANJA 1', '735257001097', 20, 5.5, 25, 6.875, 41),
(521, 'GELATINA D´GARI PISTACHE ', '735257001158', 20, 5.5, 25, 6.875, 41),
(522, 'GELATINA D´GARI ROMPOPE 1', '735257001165', 20, 5.5, 25, 6.875, 41),
(523, 'GELATINA D´GARI UVA 170GR', '735257001110', 20, 5.5, 25, 6.875, 41),
(524, 'GELATINA D´GARI VAINILLA ', '735257001172', 20, 5.5, 25, 6.875, 41),
(525, 'GELATINA LIGHT D´GARI DUR', '735257003022', 20, 6, 25, 7.5, 41),
(526, 'GELATINA LIGHT D´GARI FRE', '735257003039', 20, 6, 25, 7.5, 41),
(527, 'GELATINA LIGHT D´GARI LIM', '735257003077', 20, 6, 25, 7.5, 41),
(528, 'GELATINA LIGHT D´GARI NAR', '735257003091', 20, 6, 25, 7.5, 41),
(529, 'POLVO PARA PREPARAR FLAN ', '735257005019', 20, 3.8, 25, 4.75, 41),
(530, 'ATOLE MAIZENA SABOR CAJET', '701005107297', 20, 3.5, 25, 4.375, 42),
(531, 'ATOLE MAIZENA SABOR CHOCO', '7501005107013', 20, 3.5, 25, 4.375, 42),
(532, 'ATOLE MAIZENA SABOR VAINI', '7501005106979', 20, 3.5, 25, 4.375, 42),
(533, 'HARINA  MASECA BLANCA 10/', '7501077400050', 20, 6.8, 25, 8.5, 42),
(534, 'HARINA DE TRIGO LA MODERN', '7501018316006', 20, 10, 25, 12.5, 42),
(535, 'APEL HIG. MAXIMA 500HOJAS', '823703800223', 20, 17, 25, 21.25, 43),
(536, 'PAPEL HIGIENICO CHARMIN M', '7501007444772', 20, 11, 25, 13.75, 43),
(537, 'PAPEL HIGIENICO FANCY 4R/', '7501017366637', 20, 6.5, 25, 8.125, 43),
(538, 'PAPEL HIGIENICO FLAMINGO ', '7501017376476', 20, 5.5, 25, 6.875, 43),
(539, 'PAPEL HIGIENICO HORTENCIA', '7501050410311', 20, 18, 25, 22.5, 43),
(540, 'PAPEL HIGIENICO LOVLY 500', '7501036617796', 20, 15.5, 25, 19.375, 43),
(541, 'PAPEL HIGIENICO MAXIMA 18', '823703800520', 20, 7.5, 25, 9.375, 43),
(542, 'PAPEL HIGIENICO PACIFIC B', '7502007511310', 20, 17, 25, 21.25, 43),
(543, 'PAPEL HIGIENICO PETALO 4/', '7501007750002', 20, 33, 25, 41.25, 43),
(544, 'PAPEL HIGIENICO PETALO JU', '7501007701509', 20, 16.5, 25, 20.625, 43),
(545, 'PAPEL HIGIENICO PETALO MA', '7501943459038', 20, 10, 25, 12.5, 43),
(546, 'PAPEL HIGIENICO PETALO RI', '7501943458482', 20, 8, 25, 10, 43),
(547, 'PAPEL HIGIENICO REGIO RIN', '7501036619233', 20, 16.8, 25, 21, 43),
(548, 'PAPEL HIGIENICO VOGUE 24/', '7501017376322', 20, 16, 25, 20, 43),
(549, 'SERVITOALLA KLEENEX JUMBO', '7501943473461', 20, 20.5, 25, 25.625, 43),
(550, 'INSECTICIDA BAYGON 12/400', '7501032907471', 20, 33, 25, 41.25, 44),
(551, 'INSECTICIDA RAID CASA Y J', '7501032925703', 20, 25.5, 25, 31.875, 44),
(552, 'INSECTICIDA RAID CASA Y J', '7501032925956', 20, 35, 25, 43.75, 44),
(553, 'INSECTICIDA RAID MAX 12/2', '7501032926427', 20, 31.5, 25, 39.375, 44),
(554, 'INSECTICIDA RAID MAX 12/3', '7501032926403', 20, 41, 25, 51.25, 44),
(555, 'JABON DAROMA 25/400G', '7501026000201', 20, 7.5, 25, 9.375, 45),
(556, 'JABON DE BARRA IREX 20/40', '752431801076', 20, 6.7, 25, 8.375, 45),
(557, ' JABON DE LAVANDERIA 123 ', '83743119819', 20, 6.5, 25, 8.125, 45),
(558, ' JABON DE LAVANDERIA LIRI', '12388000015', 20, 7, 25, 8.75, 45),
(559, ' JABON DE LAVANDERIA LIRI', '12388000633', 20, 7, 25, 8.75, 45),
(560, ' JABON DE LAVANDERIA LIRI', '12388000640', 20, 7, 25, 8.75, 45),
(561, 'JABON VEL ROSITA BARRA 40', '7501035912793', 20, 7.3, 25, 9.125, 45),
(562, 'JABON ZOTE 25/400G AZUL', '7501026005404', 20, 8.2, 25, 10.25, 45),
(563, 'JABON ZOTE 25/400G BLANCO', '7501026005374', 20, 8.2, 25, 10.25, 45),
(564, 'JABON ZOTE 25/400G ROSA', '7501026005671', 20, 8.2, 25, 10.25, 45),
(565, 'JABON ZOTE BLANCO  60/100', '7501026005978', 20, 2.5, 25, 3.125, 45),
(566, 'JABON ZOTE ROSA 60/100G', '7501026005985', 20, 2.5, 25, 3.125, 45),
(567, 'JABON CORAL 40/150G', '7501026006968', 20, 4.4, 25, 5.5, 46),
(568, 'JABON DE BARRA TEPEYAC  3', '7501026001123', 20, 5.6, 25, 7, 46),
(569, 'JABON DE BARRA TEPEYAC  3', '7501026001161', 20, 5.6, 25, 7, 46),
(570, 'JABON DE BARRA TEPEYAC  3', '7501026001147', 20, 5.6, 25, 7, 46),
(571, 'JABON DE BARRA TEPEYAC  3', '7501026001154', 20, 5.5, 25, 6.875, 46),
(572, 'JABON DE TOCADOR ANTIBACT', '7501026006920', 20, 3.5, 25, 4.375, 46),
(573, 'JABON DE TOCADOR ANTIBACT', '7501026006975', 20, 3.5, 25, 4.375, 46),
(574, 'JABON DE TOCADOR ANTIBACT', '7501026006982', 20, 3.5, 25, 4.375, 46),
(575, 'JABON DE TOCADOR ANTIBACT', '7501026006913', 20, 3.5, 25, 4.375, 46),
(576, 'JABON DE TOCADOR ANTIBACT', '7501026006944', 20, 4.4, 25, 5.5, 46),
(577, 'JABON DE TOCADOR ANTIBACT', '7501026006951', 20, 4.4, 25, 5.5, 46),
(578, 'JABON DE TOCADOR CAMAY 72', '7501001125905', 20, 7.5, 25, 9.375, 46),
(579, 'JABON DE TOCADOR CORAL AN', '7501026006937', 20, 4.4, 25, 5.5, 46),
(580, 'JABON DE TOCADOR PALMOLIV', '7509546032207', 20, 6.5, 25, 8.125, 46),
(581, 'JABON DE TOCADOR ZEST ENE', '7590002012574', 20, 5, 25, 6.25, 46),
(582, 'JABON DOVE BABY 75g', '7891038301800', 20, 9, 25, 11.25, 46),
(583, 'JABON MANILVA 40/150G', '7501026008108', 20, 4.9, 25, 6.125, 46),
(584, 'JABON NEUTRO GRISIS 150G', '7501022105207', 20, 10.5, 25, 13.125, 46),
(585, 'JABON PALMOVINE NATURALS ', '7509546015248', 20, 6.5, 25, 8.125, 46),
(586, 'JABON ROSA VENUS 30/200G', '7501026006661', 20, 3, 25, 3.75, 46),
(587, 'JABON TERSSO 30/200G', '7501026007101', 20, 6.5, 25, 8.125, 46),
(588, ' JABON TOCADOR DOVE 135G', '67238891190', 20, 12.9, 25, 16.125, 46),
(589, 'JABON TOCADOR ZEST F. FRU', '7501001164249', 20, 6.5, 25, 8.125, 46),
(590, 'JABON TOCADOR ZEST NEUTRO', '7501001121808', 20, 6.5, 25, 8.125, 46),
(591, 'JABON VENUS  30/200G AZUL', '7501026006722', 20, 5.7, 25, 7.125, 46),
(592, 'JABON VENUS  30/200G ROSA', '7501026006784', 20, 5.7, 25, 7.125, 46),
(593, 'JABON VENUS  30/200G VERD', '7501026006753', 20, 5.7, 25, 7.125, 46),
(594, 'JABON ZEST HIDRATANTE 96/', '7501001125981', 20, 6.5, 25, 8.125, 46),
(595, 'JABON ZEST HIDRATANTE VIT', '7501001126209', 20, 7.8, 25, 9.75, 46),
(596, 'JABONES ROSA VENUS 25G/24', '7501026006609', 20, 1.5, 25, 1.875, 46),
(597, 'BON LAVANDERIA  IBIS CLAS', '83743133815', 20, 5.8, 25, 7.25, 47),
(598, 'ABON ROSA FLORAL BARRA 20', '745819000055', 20, 9, 25, 11.25, 47),
(599, 'JUGO ADES DURAZNO 40/200', '7501005113373', 20, 4.5, 25, 5.625, 48),
(600, 'JUGO ADES GUANABANA 40/20', '7501005114530', 20, 4.5, 25, 5.625, 48),
(601, 'JUGO ADES SABOR MANZANA 4', '7501005114509', 20, 4.5, 25, 5.625, 48),
(602, ' JUGO DE MANZANA DEL VALL', '32239052147', 20, 6.5, 25, 8.125, 48),
(603, ' JUGO DE NARANJA DEL VALL', '32239057876', 20, 13.5, 25, 16.875, 48),
(604, 'JUGO JUMEX  NECTAR DE DUR', '7501013118056', 20, 5.5, 25, 6.875, 48),
(605, 'JUGO JUMEX NECTAR  12/1L', '7501013122039', 20, 12.5, 25, 15.625, 48),
(606, 'JUGO JUMEX NECTAR  12/1L ', '7501013122053', 20, 12.5, 25, 15.625, 48),
(607, 'JUGO JUMEX NECTAR  12/1L ', '7501013122190', 20, 12.5, 25, 15.625, 48),
(608, ' JUGO NECTAR DURAZNO DEL ', '32239052017', 20, 6.5, 25, 8.125, 48),
(609, ' JUGO NECTAR MANGO DEL VA', '32239052000', 20, 6.5, 25, 8.125, 48),
(610, ' JUGO NECTAR MANZANA DEL ', '32239052024', 20, 6.5, 25, 8.125, 48),
(611, ' JUGO NECTAR PIÑA DEL VAL', '32239057913', 20, 13.5, 25, 16.875, 48),
(612, 'JUMEX AMI 5/3.785', '7501013163131', 20, 25.5, 25, 31.875, 48),
(613, 'NECTAR DE DURAZNO JUMEX 2', '7501013117059', 20, 4.5, 25, 5.625, 48),
(614, 'NECTAR DE MANGO JUMEX 24/', '7501013117035', 20, 4.5, 25, 5.625, 48),
(615, 'NECTAR DE MANGO JUMEX 24/', '7501013118032', 20, 5.5, 25, 6.875, 48),
(616, 'NECTAR DE MANZANA JUMEX 2', '7501013117196', 20, 4.5, 25, 5.625, 48),
(617, 'NECTAR DE MANZANA JUMEX 2', '7501013118193', 20, 5.5, 25, 6.875, 48),
(618, 'DORITOS NACHO 46G', '7501011123588', 20, 4.5, 25, 5.625, 49),
(619, 'DANETTE 200G', '75012533', 20, 3.5, 25, 4.375, 49),
(620, 'LECHE ALPURA CHOCOLATE 27', '75002107', 20, 5.5, 25, 6.875, 49),
(621, 'LECHE ALPURA DESLACTOSADA', '7501055904808', 20, 17.5, 25, 21.875, 49),
(622, 'LECHE MAXIMA PREMIUM 12/1', '823703800742', 20, 7.95, 25, 9.9375, 49),
(623, 'LECHE NUTRI LECHE 12/1LT', '7502217040556', 20, 9.5, 25, 11.875, 49),
(624, 'LICUADO ACTIVIA FRESA-PLA', '7501032346478', 20, 8.5, 25, 10.625, 49),
(625, 'LICUADO ACTIVIA PIÑA-APIO', '7501032346485', 20, 8.5, 25, 10.625, 49),
(626, 'SANDWICH CLASICO LONCHIBO', '7501030455356', 20, 5, 25, 6.25, 49),
(627, 'TINTE KOLESTON #54 CASTAÑ', '7501078231226', 20, 47, 25, 58.75, 49),
(628, 'YOGHURT ACTIVIA CIRUELA P', '7501032346324', 20, 8.5, 25, 10.625, 49),
(629, 'YOGHURT ACTIVIA FRESA BEB', '7501032346362', 20, 8.5, 25, 10.625, 49),
(630, 'YOGHURT ALPURA 24/150G', '7501055901128', 20, 4, 25, 5, 49),
(631, 'YOGHURT ALPURA CON DURAZN', '7501055901111', 20, 4, 25, 5, 49),
(632, 'YOGHURT ALPURA CON FRESAS', '7501055901104', 20, 4, 25, 5, 49),
(633, 'YOGHURT ALPURA CON MANGOS', '7501055901135', 20, 4, 25, 5, 49),
(634, 'YOGHURT BEBIBLE DANONINO ', '7501032340803', 20, 4.5, 25, 5.625, 49),
(635, 'YOGHURT DANONE NPLUS C/CE', '7501032346744', 20, 5.5, 25, 6.875, 49),
(636, 'YOGHURT DANONE NPLUS FESA', '7501032346751', 20, 5.5, 25, 6.875, 49),
(637, 'YOGHURT DANUP BEBIBLE FRE', '7501032334000', 20, 7, 25, 8.75, 49),
(638, 'YOGHURT DANUP MANGO 250G', '7501032334055', 20, 7, 25, 8.75, 49),
(639, 'YOGHURT DANUP MANZANA 250', '7501032334963', 20, 7, 25, 8.75, 49),
(640, 'YOGHURT DANUP PIÑA COCO 2', '7501032334703', 20, 7, 25, 8.75, 49),
(641, 'YOGHURT NUTRIPLEN SOYA 25', '7501030459781', 20, 5.5, 25, 6.875, 49),
(642, 'YOGHURT NUTRIPLEN SOYA 25', '7501030459804', 20, 5.5, 25, 6.875, 49),
(643, 'YOGHURT VITALINEA FRESA 2', '7501032346003', 20, 8.5, 25, 10.625, 49),
(644, 'LINTERNA CENTINELA GDE VA', '7501208200450', 20, 42.5, 25, 53.125, 50),
(645, 'LAVAPLATOS SALVO 36/500', '7501001130657', 20, 9, 25, 11.25, 51),
(646, 'LAVATRASTES AXION OXY PLU', '7509546017204', 20, 22, 25, 27.5, 51),
(647, 'LAVATRASTES DOWN AROMA LI', '37000006077', 20, 16.5, 25, 20.625, 51),
(648, 'LECHE ALPURA CLASICA 12/1', '7501055900039', 20, 11.5, 25, 14.375, 52),
(649, 'LECHE ALPURA DESLACTOSADA', '7501055901425', 20, 14.5, 25, 18.125, 52),
(650, 'LECHE ALPURA LIGHT 12/1L', '7501055900800', 20, 11, 25, 13.75, 52),
(651, 'LECHE ALPURA SEMI 12/1L', '7501055900046', 20, 12.5, 25, 15.625, 52),
(652, 'LECHE CLAVEL 378GR', '7501059225626', 20, 9.9, 25, 12.375, 52),
(653, 'LECHE EN POLVO NIDO CLASI', '7501059225404', 20, 35, 25, 43.75, 52),
(654, 'LECHE LA LECHERA 48/397G', '7501001600105', 20, 12.5, 25, 15.625, 52),
(655, 'LECHE NAN 1 24/400G', '7501059216242', 20, 79.8, 25, 99.75, 52),
(656, 'LECHE NAN 2 24/400G', '7501059228498', 20, 75.5, 25, 94.375, 52),
(657, 'LECHE NIDO KINDER 1+ 24/3', '7501059225411', 20, 39, 25, 48.75, 52),
(658, 'CREMA DENTAL BRIDEN 10/10', '7501026009396', 20, 11, 25, 13.75, 53),
(659, 'ELIMINA OLORES SHOUT 24/4', '7501032934002', 20, 19.5, 25, 24.375, 53),
(660, '3137 LIMP. POETT BAMBU 90', '7501071903137', 20, 11, 25, 13.75, 53),
(661, ' LIMPIADOR AJAX AMONIA LI', '7501035905505', 20, 14.5, 25, 18.125, 53),
(662, 'LIMPIADOR BIODEGRADABLE C', '7501026054020', 20, 11.5, 25, 14.375, 53),
(663, 'LIMPIADOR BIODEGRADABLE C', '7501026054044', 20, 11.5, 25, 14.375, 53),
(664, 'LIMPIADOR BIODEGRADABLE C', '7501026053054', 20, 11.5, 25, 14.375, 53),
(665, 'LIMPIADOR BIODEGRADABLE C', '7501026054013', 20, 11.5, 25, 14.375, 53),
(666, 'LIMPIADOR BIODEGRADABLE C', '7501026053047', 20, 11.5, 25, 14.375, 53),
(667, 'LIMPIADOR BRASSO ANTIGRAS', '7501058789648', 20, 34, 25, 42.5, 53),
(668, 'LIMPIADOR BREF 15/1L', '7501199400068', 20, 16, 25, 20, 53),
(669, 'LIMPIADOR BREF QUITASARRO', '7501199400839', 20, 29, 25, 36.25, 53),
(670, 'LIMPIADOR EASY OFF BAM 12', '7501058751058', 20, 34, 25, 42.5, 53),
(671, 'LIMPIADOR FABULOSO 6/2L A', '7509546009223', 20, 27.5, 25, 34.375, 53),
(672, 'LIMPIADOR FABULOSO 6/2L F', '7501035905344', 20, 27.5, 25, 34.375, 53),
(673, 'LIMPIADOR FABULOSO 6/2L+2', '7509546030944', 20, 27.5, 25, 34.375, 53),
(674, 'LIMPIADOR FABULOSO AROMA ', '7509546007342', 20, 7.2, 25, 9, 53),
(675, 'LIMPIADOR FABULOSO CITRIC', '7509546024493', 20, 14.5, 25, 18.125, 53),
(676, 'LIMPIADOR FABULOSO FABULO', '7509546022079', 20, 27.5, 25, 34.375, 53),
(677, 'LIMPIADOR FABULOSO FRESCA', '7509546014494', 20, 27.5, 25, 34.375, 53),
(678, 'LIMPIADOR FABULOSO FRESCA', '7501035910034', 20, 13, 25, 16.25, 53),
(679, 'LIMPIADOR FABULOSO FRESCO', '7501035910096', 20, 14, 25, 17.5, 53),
(680, 'LIMPIADOR FABULOSO LIMON ', '7501035910027', 20, 13, 25, 16.25, 53),
(681, 'LIMPIADOR FABULOSO MAR FR', '7509546009889', 20, 14, 25, 17.5, 53),
(682, 'LIMPIADOR FABULOSO MAR FR', '75001186', 20, 7.2, 25, 9, 53),
(683, 'LIMPIADOR FABULOSO MAR FR', '7509546014500', 20, 27.5, 25, 34.375, 53),
(684, 'LIMPIADOR FABULOSO MAR FR', '7501035905368', 20, 27.5, 25, 34.375, 53),
(685, 'LIMPIADOR FABULOSO NARANJ', '7509546008202', 20, 14, 25, 17.5, 53),
(686, 'LIMPIADOR FABULOSO PASION', '7509546008295', 20, 13, 25, 16.25, 53),
(687, 'LIMPIADOR LIQ MULTIUSOS L', '7501268200216', 20, 8.9, 25, 11.125, 53),
(688, 'LIMPIADOR LIQ MULTIUSOS L', '7501268200223', 20, 8.9, 25, 11.125, 53),
(689, 'LIMPIADOR LIQ MULTIUSOS L', '7501268200247', 20, 8.9, 25, 11.125, 53),
(690, 'LIMPIADOR LIQ MULTIUSOS L', '7501268200308', 20, 11.4, 25, 14.25, 53);
INSERT INTO `productos` (`idproducto`, `nombreProducto`, `codigoProducto`, `existencia`, `costo`, `utilidad`, `precioProducto`, `categoria_idcategoria`) VALUES
(691, 'LIMPIADOR MULTIUSOS M. LI', '7501065909312', 20, 14.4, 25, 18, 53),
(692, 'LIMPIADOR MULTIUSOS M.LIM', '7590002026908', 20, 24, 25, 30, 53),
(693, 'LIMPIADOR MULTIUSOS M.LIM', '7590002026861', 20, 14.4, 25, 18, 53),
(694, 'LIMPIADOR PINOL 15/1L', '7501025403034', 20, 14, 25, 17.5, 53),
(695, 'LIMPIADOR PINOL 3.785L/6', '7501025403058', 20, 49.5, 25, 61.875, 53),
(696, 'LIMPIADOR POETT BEBE 12/1', '7501071901287', 20, 11, 25, 13.75, 53),
(697, 'LIMPIADOR POETT BRISA POL', '7501071902222', 20, 11, 25, 13.75, 53),
(698, 'LIMPIADOR POETT ESPIRITU ', '7501071902901', 20, 11, 25, 13.75, 53),
(699, 'LIMPIADOR POETT FRESCURA ', '7501071900969', 20, 11, 25, 13.75, 53),
(700, 'LIMPIADOR POETT LATIDOS D', '7501071903687', 20, 11, 25, 13.75, 53),
(701, 'LIMPIADOR POETT LAVANDA 1', '7501071900204', 20, 11, 25, 13.75, 53),
(702, 'LIMPIADOR POETT PRIMAVERA', '7501071900280', 20, 11, 25, 13.75, 53),
(703, 'LIMPIAVIDRIOS WINDEX VID.', '7501032971052', 20, 30.5, 25, 38.125, 53),
(704, 'LIPIADOR BRASSO AROMAS 12', '7501058710086', 20, 10.7, 25, 13.375, 53),
(705, 'LIPIADOR BRASSO AROMAS 12', '7501058750846', 20, 10.7, 25, 13.375, 53),
(706, 'LIPIADOR BRASSO AROMAS 12', '7501058750471', 20, 10.7, 25, 13.375, 53),
(707, 'LIPIADOR BRASSO AROMAS 12', '7501058710062', 20, 10.7, 25, 13.375, 53),
(708, 'MAESTRO LIMPIO ACTIBRILLO', '7590002026854', 20, 15.6, 25, 19.5, 53),
(709, 'TOALLA SANITARIA KOTEX CO', '7501943420533', 20, 18.9, 25, 23.625, 53),
(710, 'VANISH  24/450ML', '7503002319543', 20, 11.5, 25, 14.375, 53),
(711, 'LONCHIBON BIMKINGO', '7501000166671', 20, 10.5, 25, 13.125, 54),
(712, 'SANDWICHON LONCHIBON', '7501000166572', 20, 8.5, 25, 10.625, 54),
(713, 'SINCRONIZADA LONCHIBON', '7501030481393', 20, 10, 25, 12.5, 54),
(714, 'TORTUGA JAMON Y QUESO LON', '7501030483410', 20, 11, 25, 13.75, 54),
(715, 'TORTUGA SALCHICHA LONCHIB', '7501030482659', 20, 11, 25, 13.75, 54),
(716, 'ACEITE 3 EN 1 24/240ML', '7501058737106', 20, 18.5, 25, 23.125, 55),
(717, 'ACEITE 3 EN 1 24/480ML', '7501058737120', 20, 29.5, 25, 36.875, 55),
(718, 'PLEDGE MADERAS 12/378ML', '7501032915155', 20, 32.5, 25, 40.625, 55),
(719, 'MERM. McCORMIC CHAB 270g', '7501003336521', 20, 11.6, 25, 14.5, 56),
(720, 'MERMELADA CLEMENTE JAQUES', '7501052474052', 20, 16.5, 25, 20.625, 56),
(721, 'MERMELADA McCORMIC FRESA ', '7501003336125', 20, 10.9, 25, 13.625, 56),
(722, 'KLEEN BEBE ABSORSEC GRAND', '7501017375189', 20, 29, 25, 36.25, 57),
(723, 'PAÑAL ABSORSEC CHICO 5/40', '7501943433359', 20, 60.5, 25, 75.625, 57),
(724, ' PAÑAL CHICOLASTIC CLASSI', '13117011180', 20, 70, 25, 87.5, 57),
(725, ' PAÑAL CHIKOLASTIC CLASSI', '13117054149', 20, 25.5, 25, 31.875, 57),
(726, 'PAÑALES BABIN SUPER CHICO', '619585005111', 20, 51.5, 25, 64.375, 57),
(727, 'PAÑALES BEBIN CHICO 14/6', '619585004114', 20, 19.9, 25, 24.875, 57),
(728, 'PAÑALES BEBIN GRANDE 14/6', '619585004312', 20, 28, 25, 35, 57),
(729, 'PAÑALES BEBIN MEDIANO 14/', '619585004213', 20, 23.5, 25, 29.375, 57),
(730, 'PAÑALES BEBIN SUPER 40/4', '619585005210', 20, 64.1, 25, 80.125, 57),
(731, 'PAÑALES HUGGIES ETAPA 1 8', '7501943435728', 20, 49.5, 25, 61.875, 57),
(732, 'PAÑALES HUGGIES EXTRA CON', '7501017364077', 20, 46.8, 25, 58.5, 57),
(733, 'PAÑALES HUGGIES RECIEN NA', '7501017364015', 20, 48.5, 25, 60.625, 57),
(734, 'PAÑALES HUGGIES ULTRA CON', '7501943433199', 20, 119.6, 25, 149.5, 57),
(735, 'PAÑALES HUGGIES ULTRA CON', '7501017364046', 20, 51.5, 25, 64.375, 57),
(736, 'PAÑALES HUGGIES ULTRA CON', '7501017364060', 20, 46.8, 25, 58.5, 57),
(737, 'PAÑALES HUGGIES ULTRACONF', '7501017364114', 20, 56, 25, 70, 57),
(738, 'PAÑALES HUGGIES ULTRACONF', '7501943433090', 20, 104, 25, 130, 57),
(739, 'PAÑALES KIMBIES 4/40 MEDI', '7501017376759', 20, 57, 25, 71.25, 57),
(740, 'PAÑALES KIMBIES GRANDES 6', '7501017376735', 20, 26, 25, 32.5, 57),
(741, 'PAÑALES KIMBIES MEDIANO 6', '7501017376711', 20, 21, 25, 26.25, 57),
(742, 'PAÑALES KLEEN BEBE ABSORS', '7501017372751', 20, 87.6, 25, 109.5, 57),
(743, 'PAÑALES KLEEN BEBE ABSORS', '7501017372775', 20, 87.9, 25, 109.875, 57),
(744, 'PAÑALES KLEEN BEBE ABSORS', '7501017375165', 20, 25, 25, 31.25, 57),
(745, 'PAÑALES KLEEN BEBE ABSORS', '7501017372737', 20, 68.9, 25, 86.125, 57),
(746, 'PAÑALES KLEEN BEBE SUAVEL', '7501017372423', 20, 110.2, 25, 137.75, 57),
(747, 'PAÑALES KLEEN BEBE SUAVEL', '7501017372447', 20, 120.5, 25, 150.625, 57),
(748, 'PAÑALES KLEENBEBE SUAVELA', '7501017376995', 20, 42, 25, 52.5, 57),
(749, 'PAÑALES KLEENBEBE SUAVELA', '7501017366316', 20, 50, 25, 62.5, 57),
(750, 'PAÑALES PÀMPERS TOTAL PRO', '7590002032251', 20, 30, 25, 37.5, 57),
(751, 'EMPANIZADOR DE HOJUELAS B', '7501030486947', 20, 9, 25, 11.25, 58),
(752, 'MARMOLETAS BIMBO 130G', '7501030486923', 20, 9, 25, 11.25, 58),
(753, 'PAN BIMBOLLOS BIMBO 8/450', '7501000111602', 20, 18, 25, 22.5, 58),
(754, 'PAN BIMBUÑUELOS BIMBO 76g', '7501000113095', 20, 6, 25, 7.5, 58),
(755, 'PAN BLANCO CHICO BIMBO 39', '7501000111091', 20, 14, 25, 17.5, 58),
(756, 'PAN COLCHONES BIMBO 130gr', '7501000112203', 20, 8, 25, 10, 58),
(757, 'PAN CONCHAS VAINILLA BIMB', '7501000132706', 20, 9.5, 25, 11.875, 58),
(758, 'PAN DONAS AZUCARADAS 105g', '7501000112500', 20, 6.5, 25, 8.125, 58),
(759, 'PAN DONITAS ESPOLVOREADAS', '7501000112425', 20, 6.5, 25, 8.125, 58),
(760, 'PAN INTEGRAL CHICO 405gr', '7501000336319', 20, 15, 25, 18.75, 58),
(761, 'PAN MANTECADAS CON NUEZ 1', '7501030419389', 20, 9, 25, 11.25, 58),
(762, 'PAN MANTECADAS VAINILLA B', '7501000112401', 20, 8, 25, 10, 58),
(763, 'PAN MEDIAS NOCHES BIMBO 8', '7501000111503', 20, 13, 25, 16.25, 58),
(764, 'PAN MOLIDO BIMBO 210G', '7501000111855', 20, 6, 25, 7.5, 58),
(765, 'PAN MOLIDO CRUJIENTE BIMB', '7501000149100', 20, 7, 25, 8.75, 58),
(766, 'PAN NEGRITO BIMBO 62gr', '7501000312771', 20, 4.5, 25, 5.625, 58),
(767, 'PAN REBANADAS BIMBO 55gr', '7501000112845', 20, 3.5, 25, 4.375, 58),
(768, 'PAN ROLES DE CANELA BIMBO', '7501000112128', 20, 7, 25, 8.75, 58),
(769, 'PAN TOSTADO 14reb/210gr', '7501000111800', 20, 11, 25, 13.75, 58),
(770, 'PAN TOSTADO BIMBO MULTIGR', '7501000366637', 20, 13, 25, 16.25, 58),
(771, 'PAN TOSTADO DOBLE FIBRA', '7501000112333', 20, 13, 25, 16.25, 58),
(772, 'PAN TOSTADO DOBLE FIBRA 1', '7501000011233', 20, 13, 25, 16.25, 58),
(773, 'PANQUE CON NUEZ 270gr', '7501000112326', 20, 17, 25, 21.25, 58),
(774, 'PANQUE CON PASAS 285gr', '7501000112302', 20, 17, 25, 21.25, 58),
(775, 'PANQUE MARMOL 300gr', '7501000310647', 20, 17, 25, 21.25, 58),
(776, 'PANQUECITOS GOSTAS CHOCOL', '7501000112388', 20, 9, 25, 11.25, 58),
(777, 'BLOCK DE REMISION ESTRELL', '602760000285', 20, 3, 25, 3.75, 59),
(778, 'BLOCK PAGARES ESTRELLA', '602760000247', 20, 9.5, 25, 11.875, 59),
(779, 'GOMA DE MIGAJON FACTIS', '8414034620202', 20, 4.8, 25, 6, 59),
(780, 'GOMA PELIKAN BICOLOR', '7501015213148', 20, 2.5, 25, 3.125, 59),
(781, 'HOJA DE PAPEL BOND DUPLIC', '7502233372549', 20, 51.5, 25, 64.375, 59),
(782, 'LIBRETA ESTRELLA RAYA 50 ', '602760001220', 20, 5, 25, 6.25, 59),
(783, 'LIGAS DE HULE NO.18 AGUIL', '7501636703202', 20, 16, 25, 20, 59),
(784, 'SACAPUNTAS CHATEAU 25P', '7501119300041', 20, 1.5, 25, 1.875, 59),
(785, 'GERBER ETAPA 2  24/100G F', '7501000903443', 20, 5.5, 25, 6.875, 60),
(786, 'GERBER ETAPA 2  24/100G G', '7501000903252', 20, 5.5, 25, 6.875, 60),
(787, 'GERBER ETAPA 2  24/100G P', '7501000913343', 20, 5.5, 25, 6.875, 60),
(788, 'GERBER ETAPA 2 DURAZNO 24', '7501000913305', 20, 5.5, 25, 6.875, 60),
(789, 'GERBER ETAPA 2 FRUTAS MIX', '7501000913466', 20, 5, 25, 6.25, 60),
(790, 'GERBER ETAPA 2 MANGOS 24/', '7501000913572', 20, 5.5, 25, 6.875, 60),
(791, 'GERBER ETAPA 2 MANZANAS 2', '7501000913312', 20, 5.5, 25, 6.875, 60),
(792, 'GERBER ETAPA 2 PLATANO 24', '7501000903276', 20, 5.5, 25, 6.875, 60),
(793, 'KOLA LOKA BROCHA 8/5G', '7501102614322', 20, 17.5, 25, 21.875, 61),
(794, 'KOLA LOKA CLASICO 10/2G', '7501102610003', 20, 12, 25, 15, 61),
(795, 'KOLA LOKA GOTERITO 9/3.5G', '7501102614056', 20, 13, 25, 16.25, 61),
(796, 'PLASTI LOKA VERDE 10/20G', '7501102630001', 20, 12.5, 25, 15.625, 61),
(797, 'ACETONA JALOMA 25/60ML', '759684431050', 20, 5.5, 25, 6.875, 62),
(798, 'ANTITRANSPIRANTE AEROS RE', '7791293884592', 20, 36.5, 25, 45.625, 62),
(799, 'ANTITRANSPIRANTE AEROS RE', '7791293004020', 20, 36.5, 25, 45.625, 62),
(800, 'ANTITRANSPIRANTE AEROS RE', '7791293999470', 20, 36.5, 25, 45.625, 62),
(801, 'ANTITRANSPIRANTE BRUT AER', '7502221181238', 20, 37.08, 25, 46.35, 62),
(802, 'ANTITRANSPIRANTE BRUT CLA', '7502221181337', 20, 37.08, 25, 46.35, 62),
(803, 'ANTITRANSPIRANTE BRUT EN ', '7502221181931', 20, 37.08, 25, 46.35, 62),
(804, 'ANTITRANSPIRANTE REXONA M', '7791293784342', 20, 36.5, 25, 45.625, 62),
(805, 'ANTITRANSPIRANTE REXONA S', '78094673', 20, 27.7, 25, 34.625, 62),
(806, 'ANTITRANSPIRANTE REXONA S', '78005990', 20, 27.7, 25, 34.625, 62),
(807, 'ANTITRANSPIRANTE REXONA W', '78007895', 20, 27.7, 25, 34.625, 62),
(808, 'ANTITRANSPIRANTE REXONA W', '78084117', 20, 27.7, 25, 34.625, 62),
(809, 'ANTITRANSPIRANTE REXONA W', '75025267', 20, 27.7, 25, 34.625, 62),
(810, 'ANTITRANSPIRANTE ROLL-ON ', '78921733', 20, 21.1, 25, 26.375, 62),
(811, 'BARRA DESODORANTE OLD SPI', '7501001163983', 20, 29.6, 25, 37, 62),
(812, 'BRILLANTINA PALMOLIVE 52M', '75001872', 20, 10.5, 25, 13.125, 62),
(813, 'CREMA DOVE PIEL EXTRA SEC', '7501056325992', 20, 45, 25, 56.25, 62),
(814, 'CREMA DOVE PIEL NORMAL HI', '7501056331139', 20, 34.5, 25, 43.125, 62),
(815, 'CREMA DOVE PIEL SENSIBLE ', '7501056326098', 20, 45, 25, 56.25, 62),
(816, 'CREMA HINDS ANTI ARRUGAS ', '7501065070159', 20, 47.5, 25, 59.375, 62),
(817, 'CREMA HUMECTANTE YUVE PIE', '823703600137', 20, 23.5, 25, 29.375, 62),
(818, ' CREMA LUBRIDERM PIEL NOR', '52800321748', 20, 43.5, 25, 54.375, 62),
(819, ' CREMA LUBRIDERM PIEL NOR', '52800321731', 20, 36, 25, 45, 62),
(820, ' CREMA LUBRIDERM PIEL SEC', '52800322103', 20, 42, 25, 52.5, 62),
(821, 'CREMA PONDS S24/100G', '7501056320331', 20, 24, 25, 30, 62),
(822, 'CREMA POND´S CLARANT B3 1', '7501056330316', 20, 48.5, 25, 60.625, 62),
(823, 'CREMA POND´S CLARANT B3 2', '7501056330255', 20, 22, 25, 27.5, 62),
(824, 'CREMA S DE PONDS HUMECTAN', '7501056326173', 20, 56.3, 25, 70.375, 62),
(825, 'CREMA TEARICAL AZUL 24/52', '7501006423044', 20, 12.5, 25, 15.625, 62),
(826, 'CREMA TEATRICAL ROSA 24/5', '7501006423204', 20, 12.5, 25, 15.625, 62),
(827, 'CREMA TETRICAL AZUL 6/400', '7501006423167', 20, 51, 25, 63.75, 62),
(828, 'CREMA TETRICAL ROSA 6/400', '7501006423327', 20, 51, 25, 63.75, 62),
(829, 'DESODORANTE AEROSOL AXE C', '7791293005577', 20, 38.5, 25, 48.125, 62),
(830, 'DESODORANTE AEROSOL AXE C', '7791293127767', 20, 38.5, 25, 48.125, 62),
(831, 'DESODORANTE AEROSOL AXE V', '7791293009193', 20, 38.5, 25, 48.125, 62),
(832, 'DESODORANTE AXE AEROSOL D', '7791293995755', 20, 38.5, 25, 48.125, 62),
(833, 'DESODORANTE AXE AEROSOL T', '7791293001227', 20, 38.5, 25, 48.125, 62),
(834, 'DESODORANTE BRUT ORIGINAL', '827755070078', 20, 35.7, 25, 44.625, 62),
(835, 'DESODORANTE NIVEA DRY COM', '4005808816033', 20, 41.5, 25, 51.875, 62),
(836, 'DESODORANTE NIVEA PURE IN', '4005808829910', 20, 40.9, 25, 51.125, 62),
(837, 'DESODORANTE NIVEA SPRY EN', '4005808837502', 20, 41.5, 25, 51.875, 62),
(838, 'DESODORANTE OLD SPICE BAR', '7501001403874', 20, 29.6, 25, 37, 62),
(839, 'SODORANTE OLD SPICE BARRA', '20800722452', 20, 29.6, 25, 37, 62),
(840, 'DESODORANTE OLD SPICE BAR', '7501001164003', 20, 29.6, 25, 37, 62),
(841, ' DESODORANTE OLD SPICE BO', '20800723152', 20, 35, 25, 43.75, 62),
(842, ' DESODORANTE OLD SPICE BO', '20800723091', 20, 35, 25, 43.75, 62),
(843, ' DESODORANTE OLD SPICE BO', '20800723107', 20, 35, 25, 43.75, 62),
(844, 'DESODORANTE REXONA MEN SP', '7791293009780', 20, 34.5, 25, 43.125, 62),
(845, 'DESODORANTE SPEED STICK B', '7509546009001', 20, 24.5, 25, 30.625, 62),
(846, 'DESODORANTE SPEED STICK B', '7509546009018', 20, 24.5, 25, 30.625, 62),
(847, 'DESODORANTE YUVE PINK ROL', '823703600076', 20, 14, 25, 17.5, 62),
(848, 'GEL SWEET PLUS AMARILLO 1', '7503000007954', 20, 11.5, 25, 14.375, 62),
(849, 'GEL SWEET PLUS AMARILLO 2', '7503000007107', 20, 5.5, 25, 6.875, 62),
(850, 'GEL SWEET PLUS AZUL 24/25', '7503000007169', 20, 5.5, 25, 6.875, 62),
(851, 'GEL SWEET PLUS ESMERALDA ', '7502209680258', 20, 5.5, 25, 6.875, 62),
(852, 'GEL SWEET PLUS NARANJA 12', '7503000007992', 20, 11.5, 25, 14.375, 62),
(853, 'GEL SWEET PLUS NARANJA 24', '7503000007121', 20, 5.5, 25, 6.875, 62),
(854, 'GEL SWEET PLUS ROJO 12/50', '7503000007985', 20, 11.5, 25, 14.375, 62),
(855, 'GEL SWEET PLUS ROJO24/250', '7503000007138', 20, 5.5, 25, 6.875, 62),
(856, 'GEL SWEET PLUS TRANSPAREN', '7503000007152', 20, 5.5, 25, 6.875, 62),
(857, 'GEL SWEET PLUS VERDE 12/5', '7503000007961', 20, 11.5, 25, 14.375, 62),
(858, 'GEL SWEET PLUS VERDE LIMO', '7502209680319', 20, 5.5, 25, 6.875, 62),
(859, 'GEL SWEET PLUS VIOLETA 12', '7503000007947', 20, 11.5, 25, 14.375, 62),
(860, 'GEL SWEET PLUS VIOLETA 24', '7503000007190', 20, 5.5, 25, 6.875, 62),
(861, 'GLICERINA NATURAL 9/500ML', '7501026099809', 20, 18.5, 25, 23.125, 62),
(862, 'LISTERINE FRESHMINT 12/50', '312547321846', 20, 46.5, 25, 58.125, 62),
(863, 'NIVEA TARRO 12/400ML', '7501054500216', 20, 67, 25, 83.75, 62),
(864, 'PASADOR CARMITA 12/90PZAS', '7501229300443', 20, 5, 25, 6.25, 62),
(865, 'PASTA DENTAL COLGATE DOBL', '7501035911086', 20, 17.5, 25, 21.875, 62),
(866, 'PASTA DENTAL COLGATE MAX ', '7501035911017', 20, 22.5, 25, 28.125, 62),
(867, 'POMADA DE LA CAMPANA 12/7', '7501065628169', 20, 20, 25, 25, 62),
(868, 'POMADA DE LA CAMPANA 20/1', '7501065628121', 20, 9.5, 25, 11.875, 62),
(869, 'POMADA DE LA CAMPANA 20/1', '842646028112', 20, 9, 25, 11.25, 62),
(870, 'POMADA DE LA CAMPANA 20/3', '7501065628145', 20, 12.5, 25, 15.625, 62),
(871, 'POMADA DE LA CAMPANA 30 /', '75011055', 20, 7.5, 25, 9.375, 62),
(872, 'POMADA DE LABIOS JALOMA C', '759684391057', 20, 2.5, 25, 3.125, 62),
(873, 'POMADA DE LABIOS JALOMA M', '759684391101', 20, 2.5, 25, 3.125, 62),
(874, 'POMADA DE LABIOS JALOMA P', '759684391156', 20, 2.5, 25, 3.125, 62),
(875, 'POMADA DE LABIOS JALOMA V', '759684391200', 20, 2.5, 25, 3.125, 62),
(876, 'RASTRILLO GILLETE PRESTOB', '7501009222729', 20, 10, 25, 12.5, 62),
(877, 'SPRAY FIJADOR CAPRICE ADN', '7509546016122', 20, 22, 25, 27.5, 62),
(878, 'SPRAY FIJADOR CAPRICE CON', '7509546016092', 20, 24, 25, 30, 62),
(879, 'SPRAY FIJADOR CAPRICE CON', '7509546016085', 20, 22, 25, 27.5, 62),
(880, 'SPRAY FIJADOR CAPRICE CON', '7509546016078', 20, 22, 25, 27.5, 62),
(881, 'SPRAY FIJADOR CAPRICE CON', '7509546020877', 20, 22, 25, 27.5, 62),
(882, ' SPRAY FIJADOR CAPRICE KI', '7509544600610', 20, 24, 25, 30, 62),
(883, 'SPRAY FIJADOR CAPRICE PRO', '7509546016139', 20, 24, 25, 30, 62),
(884, 'SWEET GEL TRANSPARENTE 12', '7503000007916', 20, 11.5, 25, 14.375, 62),
(885, 'TALCO MEXSANA 12/160G', '7501050624015', 20, 27.9, 25, 34.875, 62),
(886, 'TALCO P/BEBE MENNEN AZUL ', '7501035908116', 20, 14.5, 25, 18.125, 62),
(887, 'TALCO P/BEBE MENNEN ROSA ', '7501035908123', 20, 14.5, 25, 18.125, 62),
(888, 'TINTE KOLESTON #30 CASTAÑ', '7501078231288', 20, 47, 25, 58.75, 62),
(889, 'TINTE KOLESTON #50 CASTAÑ', '7501078231233', 20, 47, 25, 58.75, 62),
(890, 'TINTE KOLESTON #566 CASTA', '7501078266068', 20, 47, 25, 58.75, 62),
(891, 'TINTE KOLESTON #81 RUBIO ', '7501078231097', 20, 47, 25, 58.75, 62),
(892, 'TINTE KOLESTON#67 COLOR C', '7501078231165', 20, 47, 25, 58.75, 62),
(893, 'TOALLITAS RICITOS DE ORO ', '7501022144039', 20, 16.5, 25, 20.625, 62),
(894, 'TONTE KOLESTON #20 NEGRO ', '7501078231295', 20, 47, 25, 58.75, 62),
(895, 'TONTE KOLESTON #28 NEGRO ', '7501078231301', 20, 47, 25, 58.75, 62),
(896, 'WILDROOT 100ML', '7501035914070', 20, 21, 25, 26.25, 62),
(897, 'BATERIA MED VARTA CAZADOR', '7702094014309', 20, 54, 25, 67.5, 63),
(898, 'POLVO PARA BEBIDA ZUKO GU', '7802800708888', 20, 4, 25, 5, 64),
(899, 'POLVO PARA BEBIDA ZUKO JA', '7802800705429', 20, 4, 25, 5, 64),
(900, 'POLVO PARA BEBIDAS KOOL A', '7501002695148', 20, 29.9, 25, 37.375, 64),
(901, 'POLVO PARA BEBIDAS ZUKO D', '7802800705344', 20, 4, 25, 5, 64),
(902, 'POLVO PARA BEBIDAS ZUKO G', '702800708871', 20, 4, 25, 5, 64),
(903, 'POLVO PARA BEBIDAS ZUKO H', '7802800705368', 20, 4, 25, 5, 64),
(904, 'POLVO PARA BEBIDAS ZUKO L', '7802800705405', 20, 4, 25, 5, 64),
(905, 'POLVO PARA BEBIDAS ZUKO M', '7802800705726', 20, 4, 25, 5, 64),
(906, 'POLVO PARA BEBIDAS ZUKO M', '7802800705337', 20, 4, 25, 5, 64),
(907, 'POLVO PARA BEBIDAS ZUKO M', '7802800705382', 20, 4, 25, 5, 64),
(908, 'POLVO PARA BEBIDAS ZUKO N', '7802800705313', 20, 4, 25, 5, 64),
(909, 'POLVO PARA BEBIDAS ZUKO P', '7802800705351', 20, 4, 25, 5, 64),
(910, 'POLVO PARA BEBIDAS ZUKO P', '7802800705870', 20, 4, 25, 5, 64),
(911, ' POLVO PARA BEBIDAS ZUKO ', '7802800700541', 20, 4, 25, 5, 64),
(912, 'POLVO PARA BEBIDAS ZUKO U', '7802800708901', 20, 4, 25, 5, 64),
(913, 'POLVO PARA PREPARAR BEBID', '7802800705771', 20, 4, 25, 5, 64),
(914, 'AGUA MINERALIZADA CIEL 12', '7501055308248', 20, 7, 25, 8.75, 65),
(915, 'COCA COLA LIGHT LATA 24/3', '7501055305391', 20, 6, 25, 7.5, 65),
(916, 'COCALOLA ZERO LATA 24/355', '7501055320622', 20, 5.5, 25, 6.875, 65),
(917, 'REFRESCO AMEYAL FRESA KIW', '706722116233', 20, 6, 25, 7.5, 65),
(918, 'REFRESCO COCA-COLA 1,5L', '7501055303540', 20, 10, 25, 12.5, 65),
(919, 'REFRESCO COCA-COLA 1L', '7501055302451', 20, 9, 25, 11.25, 65),
(920, 'REFRESCO COCA-COLA 2,5L', '7501055305247', 20, 18.5, 25, 23.125, 65),
(921, 'REFRESCO COCA-COLA 2L', '7501055302925', 20, 15.5, 25, 19.375, 65),
(922, 'REFRESCO COCA-COLA 3L', '7501055304745', 20, 21, 25, 26.25, 65),
(923, 'REFRESCO COCA-COLA 600ml', '75007614', 20, 7, 25, 8.75, 65),
(924, 'REFRESCO COCA-COLA LATA 3', '7501055300075', 20, 6, 25, 7.5, 65),
(925, 'REFRESCO COCA-COLA LIGHT ', '7501055305339', 20, 7, 25, 8.75, 65),
(926, 'REFRESCO COCA-COLA ZERO 6', '7501055320639', 20, 7, 25, 8.75, 65),
(927, 'REFRESCO DELAWARE PUNCH 6', '7501055304653', 20, 6, 25, 7.5, 65),
(928, 'REFRESCO DELAWARE PUNCH L', '7501055303465', 20, 6, 25, 7.5, 65),
(929, 'REFRESCO FANTA NARANJA 12', '7501055302840', 20, 9, 25, 11.25, 65),
(930, 'REFRESCO FANTA NARANJA 60', '7501055303779', 20, 6, 25, 7.5, 65),
(931, 'REFRESCO FANTA NARANJA LA', '7501055300167', 20, 6, 25, 7.5, 65),
(932, 'REFRESCO FRESCA 12/1L', '7501055302819', 20, 9, 25, 11.25, 65),
(933, 'REFRESCO FRESCA TORONJA 6', '7501055303786', 20, 6, 25, 7.5, 65),
(934, 'REFRESCO FRESCA TORONJA L', '7501055302000', 20, 6, 25, 7.5, 65),
(935, 'REFRESCO FRUTAL AMEYAL 12', '7501055327300', 20, 5, 25, 6.25, 65),
(936, 'REFRESCO FRUTAL AMEYAL 12', '7501055327386', 20, 5, 25, 6.25, 65),
(937, 'REFRESCO JARRITOS LIMON 8', '744886395057', 20, 10, 25, 12.5, 65),
(938, 'REFRESCO JARRITOS MANDARI', '744886375059', 20, 10, 25, 12.5, 65),
(939, 'REFRESCO JARRITOS MANDARI', '744886298822', 20, 5, 25, 6.25, 65),
(940, 'REFRESCO JARRITOS PIÑA 24', '744886308828', 20, 5, 25, 6.25, 65),
(941, 'REFRESCO JARRITOS PIÑA 8/', '744886385058', 20, 10, 25, 12.5, 65),
(942, 'REFRESCO JARRITOS SABOR L', '744886288823', 20, 5, 25, 6.25, 65),
(943, 'REFRESCO JARRITOS TAMARIN', '744886328826', 20, 5, 25, 6.25, 65),
(944, 'REFRESCO JARRITOS TAMARIN', '744886365050', 20, 10, 25, 12.5, 65),
(945, 'REFRESCO JARRITOS TUTI-FR', '744886318827', 20, 5, 25, 6.25, 65),
(946, 'REFRESCO MANZANA LIFT CLA', '7501055303793', 20, 6, 25, 7.5, 65),
(947, 'REFRESCO MANZANA LIFT CLA', '7501055302345', 20, 6, 25, 7.5, 65),
(948, 'REFRESCO SIDRAL AGA 8/2L', '744886193059', 20, 10, 25, 12.5, 65),
(949, 'REFRESCO SIDRAL AGA DE MA', '744886195237', 20, 5, 25, 6.25, 65),
(950, 'REFRESCO SPRITE 12/1L', '7501055305636', 20, 9, 25, 11.25, 65),
(951, 'REFRESCO SPRITE 600ml', '7501055305629', 20, 6, 25, 7.5, 65),
(952, 'REFRESCO SPRITE LATA 355m', '7501055300341', 20, 5.5, 25, 6.875, 65),
(953, 'REFRESCO SQUIRT 24/600ML', '7501071120183', 20, 6, 25, 7.5, 65),
(954, 'REFRESCO ZUBA 24/600ML', '744886225231', 20, 5, 25, 6.25, 65),
(955, 'SPRITE ZERO LATA 355ML', '7501055311422', 20, 6, 25, 7.5, 65),
(956, 'SAL LA FINA 25/1KG', '34587030013', 20, 4.5, 25, 5.625, 66),
(957, 'SAL MARINA SOL 25/1KG', '7501118342103', 20, 3.5, 25, 4.375, 66),
(958, 'SAL SOL EN SALERO 24/100G', '7501118340116', 20, 3, 25, 3.75, 66),
(959, 'SAL SOL MARINA 20/1K', '7501118342110', 20, 5.5, 25, 6.875, 66),
(960, 'SALSA BOTANERA CLASICA 12', '738545010016', 20, 9, 25, 11.25, 67),
(961, 'SALSA CATSUP LA COSTEÑA 2', '7501017006083', 20, 7, 25, 8.75, 67),
(962, 'SALSA LA BOTANERA 12/1.5K', '738545010559', 20, 11.8, 25, 14.75, 67),
(963, 'SALSA MEGA BOTANERA GALON', '738545010726', 20, 26.5, 25, 33.125, 67),
(964, 'SALSA PICANTE BOTANERA LA', '7501017003600', 20, 11.2, 25, 14, 67),
(965, 'SALSA PICANTE LA COSTEÑA ', '7501017003044', 20, 14.9, 25, 18.625, 67),
(966, ' SALSA VALENTINA E/AMAR 1', '97339000030', 20, 11, 25, 13.75, 67),
(967, ' SALSA VALENTINA E/AMAR 2', '97339000054', 20, 5, 25, 6.25, 67),
(968, ' SALSA VALENTINA E/NEGRA ', '97339000047', 20, 11.2, 25, 14, 67),
(969, ' SALSA VALENTINA E/NEGRA ', '97339000061', 20, 5.5, 25, 6.875, 67),
(970, 'ARROZ MEXICA 10/1K', '7501047600459', 20, 12.9, 25, 16.125, 68),
(971, 'ARROZ MORELOS TRADICIONAL', '7501047600206', 20, 15.4, 25, 19.25, 68),
(972, 'ARROZ SOS TIPO MORELOS 12', '7501046002032', 20, 16, 25, 20, 68),
(973, 'ARROZ SOS TIPO MORELOS IN', '7501046001219', 20, 16, 25, 20, 68),
(974, 'ARROZ SUPER EXTRA PRIMA 1', '7501111109017', 20, 14.5, 25, 18.125, 68),
(975, 'FRIJOL LA JOYA FLOR DE MA', '7503000275001', 20, 16.5, 25, 20.625, 68),
(976, 'LENTEJA CAMPO FLORIDO 10/', '7501089050007', 20, 13, 25, 16.25, 68),
(977, 'SERVILLETA FANCY12/500', '7501017379095', 20, 17.5, 25, 21.875, 69),
(978, 'SERVILLETA MAXIMA 48/125', '823703800469', 20, 5, 25, 6.25, 69),
(979, 'SERVILLETA MAXIMA 500 12/', '823703800339', 20, 19.5, 25, 24.375, 69),
(980, 'SERVILLETA MAXIMA CUADRAD', '823703800452', 20, 21, 25, 26.25, 69),
(981, 'SERVILLETA PETALO 12/500', '7501007704500', 20, 24.5, 25, 30.625, 69),
(982, 'SERVILLETAS CHEFF 125S/48', '7501006720044', 20, 4.6, 25, 5.75, 69),
(983, 'SERVILLETAS FANCY 125S/48', '7501017379040', 20, 4, 25, 5, 69),
(984, 'SERVILLETAS PETALO 125S/4', '7501007704302', 20, 6.8, 25, 8.5, 69),
(985, 'SERVILLETAS PETALO 24/250', '7501007704005', 20, 13.5, 25, 16.875, 69),
(986, 'PANTENE PRO-V CUIDADO CLA', '7501001168971', 20, 47.5, 25, 59.375, 70),
(987, 'PANTENE PRO-V LISO Y SEDO', '7501001165277', 20, 47.5, 25, 59.375, 70),
(988, 'PANTENE PRO-V RIZOS DEFIN', '7501001165338', 20, 47.5, 25, 59.375, 70),
(989, 'SH. CAPRICE NATURALS HERB', '7509546027012', 20, 16.5, 25, 20.625, 70),
(990, 'SH. HEAD&SHOULDERS LIMPIE', '7590002008898', 20, 2.5, 25, 3.125, 70),
(991, 'SH. PALMOLIVE OPTIMS 2 EN', '7501035919129', 20, 38.5, 25, 48.125, 70),
(992, 'SH.CAPRICE NATURALS MANZA', '7509546027005', 20, 16.5, 25, 20.625, 70),
(993, 'SH.SOBRE PALMOLIVE OPTIMS', '7501035910256', 20, 2.5, 25, 3.125, 70),
(994, 'SHAMPOO FRUCTIS GARNIER N', '7501839105216', 20, 31, 25, 38.75, 70),
(995, 'SHAMPOO HEAD&SHOULDERS 40', '7501001351229', 20, 46.5, 25, 58.125, 70),
(996, 'SHAMPOO PANTENE CLASICO S', '7501001165215', 20, 33, 25, 41.25, 70),
(997, 'SHAMPOO YUVE HERBAL 12/49', '823703600014', 20, 11.8, 25, 14.75, 70),
(998, 'SHAMPOO YUVE MANZANILLA 1', '823703600052', 20, 19.5, 25, 24.375, 70),
(999, 'ARROZ A LA MEXICANA KNOR ', '7501005105897', 20, 12, 25, 15, 71),
(1000, 'ARROZ A LA POBLANA KNOR 1', '7501005105873', 20, 12, 25, 15, 71),
(1001, 'SOPA DE PASTA LA MODERNA ', '7501018310578', 20, 3.5, 25, 4.375, 71),
(1002, 'SOPA DE PASTA LA MODERNA ', '7501018310745', 20, 3.5, 25, 4.375, 71),
(1003, 'SOPA DE PASTA LA MODERNA ', '7501018310554', 20, 3.5, 25, 4.375, 71),
(1004, 'SOPA DE PASTA LA MODERNA ', '7501018310561', 20, 3.5, 25, 4.375, 71),
(1005, 'SOPA DE PASTA LA MODERNA ', '7501018310516', 20, 3.5, 25, 4.375, 71),
(1006, 'SOPA DE PASTA LA MODERNA ', '7501018310523', 20, 3.5, 25, 4.375, 71),
(1007, 'SOPA DE PASTA LA MODERNA ', '7501018310530', 20, 3.5, 25, 4.375, 71),
(1008, 'SOPA DE PASTA LA MODERNA ', '7501018310547', 20, 3.5, 25, 4.375, 71),
(1009, 'SOPA DE PASTA LA MODERNA ', '7501018310738', 20, 3.5, 25, 4.375, 71),
(1010, 'SOPA DE PASTA LA MODERNA ', '7501018310219', 20, 3.5, 25, 4.375, 71),
(1011, 'SOPA DE PASTA LA MODERNA ', '7501018310585', 20, 3.5, 25, 4.375, 71),
(1012, 'SOPA DE PASTA LA MODERNA ', '7501018310318', 20, 3.5, 25, 4.375, 71),
(1013, 'SOPA DE PASTA LA MODERNA ', '7501018310035', 20, 3.5, 25, 4.375, 71),
(1014, 'SOPA DE PASTA LA MODERNA ', '7501018310011', 20, 3.5, 25, 4.375, 71),
(1015, 'SOPA DE PASTA LA MODERNA ', '7501018310028', 20, 3.5, 25, 4.375, 71),
(1016, 'SOPA DE PASTA LA MODERNA ', '7501018310769', 20, 3.5, 25, 4.375, 71),
(1017, 'SOPA DE PASTA LA MODERNA ', '7501018310233', 20, 3.5, 25, 4.375, 71),
(1018, 'SOPA DE PASTA LA MODERNA ', '7501018310257', 20, 3.5, 25, 4.375, 71),
(1019, 'SOPA DE PASTA LA MODERNA ', '7501018310097', 20, 3.5, 25, 4.375, 71),
(1020, 'SOPA DE PASTA LA MODERNA ', '7501018310110', 20, 3.5, 25, 4.375, 71),
(1021, 'SOPA DE PASTA LA MODERNA ', '7501018310752', 20, 3.5, 25, 4.375, 71),
(1022, 'SOPA DE PASTA LA MODERNA ', '7501018310721', 20, 3.5, 25, 4.375, 71),
(1023, 'SOPA DE PASTA LA MODERNA ', '7501018310264', 20, 3.5, 25, 4.375, 71),
(1024, 'SOPA DE PASTA LA MODERNA ', '7501018310240', 20, 3.5, 25, 4.375, 71),
(1025, 'SOPA DE PASTA LA MODERNA ', '7501018310608', 20, 3.5, 25, 4.375, 71),
(1026, 'SOPA DE PASTA LA MODERNA ', '7501018310776', 20, 3.5, 25, 4.375, 71),
(1027, 'SOPA DE PASTA LA MODERNA ', '7501018310103', 20, 3.5, 25, 4.375, 71),
(1028, 'SOPA DE PASTA LA MODERNA ', '7501018310042', 20, 3.5, 25, 4.375, 71),
(1029, 'SOPA DE PASTA LA MODERNA ', '7501018310592', 20, 3.5, 25, 4.375, 71),
(1030, 'SOPA ESTRELLAS KNOR 12/95', '7501005129947', 20, 5.8, 25, 7.25, 71),
(1031, 'SOPA FIDEOS CON POLLO KNO', '7501005129930', 20, 5.8, 25, 7.25, 71),
(1032, 'SOPA FIDEOS KNOR 12/95G', '7501005129923', 20, 5.8, 25, 7.25, 71),
(1033, 'CREMA DE ELOTE LA COSTEÑA', '7501017041206', 20, 15.5, 25, 19.375, 72),
(1034, 'CREMA DE ESPARRAGOS LA CO', '7501017041213', 20, 15.5, 25, 19.375, 72),
(1035, 'CREMA LA COSTEÑA DE CHILE', '7501017041183', 20, 15.5, 25, 19.375, 72),
(1036, ' SOPA INST. MARUCHAN CAM ', '41789001864', 20, 4, 25, 5, 73),
(1037, ' SOPA INST. MARUCHAN CON ', '41789001987', 20, 4, 25, 5, 73),
(1038, ' SOPA INSTANTANEA MARUCHA', '41789001956', 20, 4, 25, 5, 73),
(1039, ' SOPA INSTANTANEA MARUCHA', '41789001918', 20, 4, 25, 5, 73),
(1040, ' SOPA INSTANTANEA MARUCHA', '41789001925', 20, 4, 25, 5, 73),
(1041, 'DOWNY LIBRE ENJUAGUE FLOR', '7501001155841', 20, 13, 25, 16.25, 74),
(1042, 'SUANIZANTE SUAVITEL FRESC', '7501035903029', 20, 14, 25, 17.5, 74),
(1043, 'SUAVISANTE SUAVITEL 24/45', '7509546017808', 20, 7.9, 25, 9.875, 74),
(1044, 'SUAVIZANTE DOWNY FLORAL 1', '7501001118785', 20, 16, 25, 20, 74),
(1045, 'SUAVIZANTE DOWNY LIBRE EN', '7501001155834', 20, 8.8, 25, 11, 74),
(1046, 'SUAVIZANTE SUAVITEL AROMA', '7501035903159', 20, 14, 25, 17.5, 74),
(1047, 'SUAVIZANTE SUAVITEL AROMA', '7501035903104', 20, 14, 25, 17.5, 74),
(1048, 'SUAVIZANTE SUAVITEL FRESC', '7501035903234', 20, 48.6, 25, 60.75, 74),
(1049, 'SUAVIZANTE SUAVITEL FRESC', '7509546007762', 20, 14, 25, 17.5, 74),
(1050, ' SUAVIZANTE SUAZUL 12/1L', '12005600000', 20, 13.5, 25, 16.875, 74),
(1051, 'TE DE LIMON LAGGS 24/1.5G', '7503006995040', 20, 13.5, 25, 16.875, 75),
(1052, 'TE DE MANZANILLA LAGS 24/', '7503006995002', 20, 13.7, 25, 17.125, 75),
(1053, 'TE DR BONIN DIABETES 15/1', '7501040491535', 20, 12, 25, 15, 75),
(1054, 'TE DR BONIN GRIPE 15/1.3G', '7501040491504', 20, 12, 25, 15, 75),
(1055, 'TE LAGGS MANZANA CANELA 2', '7501040490873', 20, 22, 25, 27.5, 75),
(1056, 'TE LAGGS SEVILLANA 12 FLO', '7501040491658', 20, 13, 25, 16.25, 75),
(1057, 'TE LAGGS SURTIDO 30/1G', '7501040491337', 20, 16.5, 25, 20.625, 75),
(1058, 'ALWAYS FRESH NORMAL CON A', '7501001172671', 20, 15, 25, 18.75, 76),
(1059, 'KOTEX FREE &SOFT NOCTURNA', '7501017364558', 20, 14.5, 25, 18.125, 76),
(1060, 'PANTIPROTECTORES DIARIOS ', '7501943431140', 20, 17, 25, 21.25, 76),
(1061, 'TOALLA SANITARIA ALWAYS F', '7790073034257', 20, 11.5, 25, 14.375, 76),
(1062, 'TOALLA SANITARIA KOTEX CO', '7501943420236', 20, 7.8, 25, 9.75, 76),
(1063, 'TOALLA SANITARIA KOTEX CO', '7501943420168', 20, 8, 25, 10, 76),
(1064, 'TOALLA SANITARIA KOTEX CO', '7501943421141', 20, 15, 25, 18.75, 76),
(1065, 'TOALLA SANITARIA KOTEX F&', '7501017360789', 20, 10.9, 25, 13.625, 76),
(1066, 'TOALLA SANITARIA NATURELL', '7501001157296', 20, 12, 25, 15, 76),
(1067, 'TOALLA SANITARIA NATURELL', '7501001158439', 20, 10, 25, 12.5, 76),
(1068, 'TOALLA SANITARIA NATURELL', '7501001405335', 20, 17, 25, 21.25, 76),
(1069, 'TOALLA SANITARIA NATURELL', '7501007467481', 20, 16.8, 25, 21, 76),
(1070, 'TOALLA SANITARIA SABA INV', '7501019006371', 20, 14.2, 25, 17.75, 76),
(1071, 'TOSTADAS ONDULADAS MILPA ', '7501000144778', 20, 9.5, 25, 11.875, 77),
(1072, 'TOSTADAS ONDULADAS MILPA ', '7501000157075', 20, 14, 25, 17.5, 77),
(1073, 'TOSTADAS SANISSIMO 1P', '658480001163', 20, 18, 25, 22.5, 77),
(1074, 'CIRIO #500 LUZ ETERNA', '744831100613', 20, 21, 25, 26.25, 78),
(1075, 'VELADORA ECOLOGICA MILENI', '744831160457', 20, 16, 25, 20, 78),
(1076, 'VELADORA ECOLOGICA SIGLO ', '744831160532', 20, 25, 25, 31.25, 78),
(1077, 'VELADORA FAROLITO #5 /40V', '7501102212511', 20, 8.5, 25, 10.625, 78),
(1078, 'VELAS SATURNO 12/16P', '744831100750', 20, 34, 25, 42.5, 78),
(1079, 'VINAGRE DE ALCOHOL DE CAÑ', '7501083100029', 20, 5.9, 25, 7.375, 79),
(1080, 'VINAGRE DE ALCOHOL DE CAÑ', '7501083100067', 20, 16.7, 25, 20.875, 79),
(1081, 'VINAGRE DE ALCOHOL DE CAÑ', '7501083100012', 20, 5.9, 25, 7.375, 79),
(1082, 'VINAGRE DE ALCOHOL DE CAÑ', '7501083100050', 20, 16.7, 25, 20.875, 79),
(1083, 'VINAGRE DE ALCOHOL DE CAÑ', '7501017002115', 20, 19.8, 25, 24.75, 79),
(1084, 'ANIS MICO 12/1L', '7501043706407', 20, 62, 25, 77.5, 80),
(1085, 'BEBIDA CARIBE COOLER DZNO', '7501003631046', 20, 10, 25, 12.5, 80),
(1086, 'BEBIDA PREPARADA NEW MIX ', '744607840804', 20, 9, 25, 11.25, 80),
(1087, 'BEBIDA VIÑA REAL DZNO 24/', '7501053670637', 20, 9, 25, 11.25, 80),
(1088, 'BRADY DON PEDRO 12/1L', '7501003692986', 20, 112, 25, 140, 80),
(1089, 'BRANDY DON PEDRO 12/750ML', '7501003692931', 20, 86, 25, 107.5, 80),
(1090, 'BRANDY DON PEDRO 18/500ML', '75001667', 20, 59.5, 25, 74.375, 80),
(1091, 'BRANDY DON PEDRO 6/1.75L', '7501003692948', 20, 173, 25, 216.25, 80),
(1092, 'BRANDY FUNDADOR 12/700ML', '8410024001549', 20, 125, 25, 156.25, 80),
(1093, 'BRANDY PRESIDENTE 12/1L', '7501003692443', 20, 87.5, 25, 109.375, 80),
(1094, 'BRANDY PRESIDENTE 12/750M', '7501003692436', 20, 66.5, 25, 83.125, 80),
(1095, 'BRANDY PRESIDENTE 18/500M', '7501003692429', 20, 49.5, 25, 61.875, 80),
(1096, 'BRANDY PRESIDENTE 6/1.75M', '7501003693372', 20, 133, 25, 166.25, 80),
(1097, 'BRANDY PRESIDENTE CLASICO', '7501003693389', 20, 21, 25, 26.25, 80),
(1098, 'BRANDY SOLERA AZTECA DE O', '7501003603081', 20, 134.5, 25, 168.125, 80),
(1099, 'BRANDY TERRY CENTENARIO 1', '8410162011028', 20, 172, 25, 215, 80),
(1100, 'BRANDY TORRES 10 12/700ML', '8410113000071', 20, 200, 25, 250, 80),
(1101, 'CERVEZA CORONA FAMILIAR 1', '7501064113024', 20, 18.5, 25, 23.125, 80),
(1102, 'CERVEZA ESTRELLA 24/325ML', '7501064192173', 20, 8, 25, 10, 80),
(1103, 'CERVEZA INDIO CAGUAMA 12/', '7501061622246', 20, 17, 25, 21.25, 80),
(1104, 'CERVEZA SOL BRAVA 12/1200', '75019983', 20, 20, 25, 25, 80),
(1105, 'CERVEZA SOL CAGUAMA 12/94', '7501049917302', 20, 18, 25, 22.5, 80),
(1106, 'CERVEZA SOL LATA 24/340ML', '7501049917500', 20, 9, 25, 11.25, 80),
(1107, 'CERVEZA TECATE LATA 24/35', '75002459', 20, 9, 25, 11.25, 80),
(1108, ' COGNAC MARTELL V.S.O.P 1', '80432403730', 20, 478, 25, 597.5, 80),
(1109, 'JEREZ TRES CORONAS 4/4L', '7501043703505', 20, 104, 25, 130, 80),
(1110, 'MEZCAL DEL SUR 12/960ML', '7503002443088', 20, 12, 25, 15, 80),
(1111, 'MEZCAL MAGUEYAZO 12/940ML', '7501787811726', 20, 14, 25, 17.5, 80),
(1112, 'MEZCAL MAGUEYAZO 24/430ML', '7501787811733', 20, 7, 25, 8.75, 80),
(1113, 'MEZCAL MEZCALAZO 12/940ML', '7501787811559', 20, 15, 25, 18.75, 80),
(1114, 'MEZCALAZO 24/430ML', '7501787811573', 20, 8, 25, 10, 80),
(1115, 'PROM TEQUILA CABRITO REPO', '749787500012', 20, 119.5, 25, 149.375, 80),
(1116, 'PROM TEQUILA JIMADOR REP.', '744607049924', 20, 130, 25, 162.5, 80),
(1117, 'ROMPOPE CORONADO VAINILLA', '7501022899113', 20, 70.5, 25, 88.125, 80),
(1118, 'ROMPOPE SANTA CLARA 12/1L', '7501035030107', 20, 59, 25, 73.75, 80),
(1119, 'RON BACARDI AÑEJO 12/1L', '7501008611203', 20, 118.5, 25, 148.125, 80),
(1120, 'RON BACARDI AÑEJO 12/750M', '7501008611135', 20, 94, 25, 117.5, 80),
(1121, 'RON BACARDI AÑEJO 24/200M', '7501008611043', 20, 26.5, 25, 33.125, 80),
(1122, 'RON BACARDI BLANCO 12/680', '7501008613122', 20, 89, 25, 111.25, 80),
(1123, 'RON BACARDI BLANCO 12/980', '7501008613146', 20, 108, 25, 135, 80),
(1124, 'RON BACARDI BLANCO 24/200', '7501008613047', 20, 25.5, 25, 31.875, 80),
(1125, 'RON BACARDI BLANCO 24/375', '7501008613078', 20, 46.5, 25, 58.125, 80),
(1126, 'TEQUILA 100 AÑOS 12/750ML', '7501005600606', 20, 109, 25, 136.25, 80),
(1127, 'TEQUILA 30-30 REPOSADO 12', '708547001206', 20, 115, 25, 143.75, 80),
(1128, 'TEQUILA 30-30 REPOSADO 12', '708547002203', 20, 89, 25, 111.25, 80),
(1129, 'TEQUILA CARDENAL 12/1L', '7502214400087', 20, 40.5, 25, 50.625, 80),
(1130, 'TEQUILA CASCO VIEJO CON P', '698450559003', 20, 98.5, 25, 123.125, 80),
(1131, 'TEQUILA CAZADORES REPOSAD', '7501171600011', 20, 223, 25, 278.75, 80),
(1132, 'TEQUILA CAZADORES REPOSAD', '7501171600028', 20, 179, 25, 223.75, 80),
(1133, 'TEQUILA CORRALEJO REPOSAD', '7503000677027', 20, 190, 25, 237.5, 80),
(1134, 'TEQUILA DESTILADO EL COMP', '7502214400056', 20, 45, 25, 56.25, 80),
(1135, 'TEQUILA DESTILADO RANCHO ', '7503001506876', 20, 46, 25, 57.5, 80),
(1136, 'TEQUILA DON JULIO REPOSAD', '674545000049', 20, 305, 25, 381.25, 80),
(1137, 'TEQUILA HERRADURA REPOSAD', '744607002806', 20, 340, 25, 425, 80),
(1138, 'TEQUILA JOSE CUERVO TRADI', '7501035012028', 20, 165, 25, 206.25, 80),
(1139, 'TEQUILA JOSE CUERVO TRADI', '7501035012035', 20, 218.5, 25, 273.125, 80),
(1140, 'TEQUILA MEXICO VIEJO REPO', '7501814009560', 20, 95, 25, 118.75, 80),
(1141, 'TEQUILA REPOSADO EL JIMAD', '744607049801', 20, 125.5, 25, 156.875, 80),
(1142, 'TEQUILA SAN MATIAS 12/1L', '750175102015', 20, 89, 25, 111.25, 80),
(1143, 'TEQUILA SAUZA AÑEJO CONME', '7501005600767', 20, 217, 25, 271.25, 80),
(1144, 'TEQUILA SAUZA HORNITOS RE', '7501005600743', 20, 218, 25, 272.5, 80),
(1145, 'TEQUILA TAHONA JOVEN 12/7', '698450311007', 20, 62, 25, 77.5, 80),
(1146, 'TEQUILA VIUDA DE ROMERO 1', '7501053090114', 20, 84, 25, 105, 80),
(1147, 'VODKA OSO NEGRO 24/250ML', '7501035015067', 20, 25, 25, 31.25, 80),
(1148, 'VODKA SMIRNOFF  12/1L', '7501048811113', 20, 109, 25, 136.25, 80),
(1149, 'WHISKY BUCHANAN´S 12/750M', '50196388', 20, 389, 25, 486.25, 80),
(1150, 'WHISKY CHIVAS REGAL 12/75', '87000004092', 20, 350, 25, 437.5, 80);

-- --------------------------------------------------------

--
-- Estructura de tabla para la tabla `usuario`
--

CREATE TABLE `usuario` (
  `idusuario` int(11) NOT NULL,
  `nombre` varchar(55) NOT NULL,
  `apP` varchar(55) NOT NULL,
  `apM` varchar(55) NOT NULL,
  `user` varchar(55) NOT NULL,
  `pass` varchar(55) NOT NULL,
  `nivel` int(11) NOT NULL
) ENGINE=InnoDB DEFAULT CHARSET=utf8;

--
-- Volcado de datos para la tabla `usuario`
--

INSERT INTO `usuario` (`idusuario`, `nombre`, `apP`, `apM`, `user`, `pass`, `nivel`) VALUES
(1, 'Alejandro', 'Vazquez', 'Vazquez', 'admin', 'root', 1),
(2, 'Alejandro', 'Vazquez', 'Vazquez', 'venta', 'root', 2),
(3, 'Fernando', 'Vazquez', 'Huerta', 'user1', 'root', 2);

-- --------------------------------------------------------

--
-- Estructura de tabla para la tabla `venta`
--

CREATE TABLE `venta` (
  `idventa` int(11) NOT NULL,
  `fecha` timestamp NOT NULL DEFAULT CURRENT_TIMESTAMP,
  `cantidad` int(11) NOT NULL,
  `cancelada` tinyint(4) NOT NULL,
  `motivo` varchar(45) DEFAULT NULL,
  `nventa` varchar(45) NOT NULL,
  `ventacol` int(14) NOT NULL,
  `formaP` varchar(45) NOT NULL,
  `login_idlogin` int(11) NOT NULL,
  `producto_idproducto` int(11) NOT NULL,
  `clipro_idclipro` int(11) NOT NULL
) ENGINE=InnoDB DEFAULT CHARSET=utf8 COMMENT='	';

--
-- Volcado de datos para la tabla `venta`
--

INSERT INTO `venta` (`idventa`, `fecha`, `cantidad`, `cancelada`, `motivo`, `nventa`, `ventacol`, `formaP`, `login_idlogin`, `producto_idproducto`, `clipro_idclipro`) VALUES
(1, '2017-10-27 18:24:46', 4, 0, NULL, '1', 1, 'Efectivo', 73, 1, 5),
(2, '2017-10-27 18:24:46', 5, 0, NULL, '1', 1, 'Efectivo', 73, 2, 5),
(3, '2017-10-27 18:26:40', 3, 0, NULL, '2', 2, 'Tarjeta', 73, 2, 5),
(4, '2017-10-27 18:27:08', 1, 0, NULL, '3', 3, 'Tarjeta', 73, 5, 5),
(5, '2017-10-27 18:27:08', 3, 0, NULL, '3', 3, 'Tarjeta', 73, 6, 5),
(6, '2017-10-28 18:39:55', 1, 0, NULL, '1', 4, 'Efectivo', 81, 4, 5),
(7, '2017-10-28 18:39:56', 2, 0, NULL, '1', 4, 'Efectivo', 81, 3, 5),
(8, '2017-10-28 18:39:56', 1, 0, NULL, '1', 4, 'Efectivo', 81, 6, 5),
(9, '2017-10-28 18:39:56', 1, 0, NULL, '1', 4, 'Efectivo', 81, 5, 5),
(10, '2017-10-28 18:39:56', 1, 0, NULL, '1', 4, 'Efectivo', 81, 1, 5),
(11, '2017-10-28 18:39:56', 4, 0, NULL, '1', 4, 'Efectivo', 81, 2, 5),
(12, '2017-10-28 18:45:14', 2, 0, NULL, '1', 5, 'Efectivo', 82, 1, 5),
(13, '2017-10-28 18:45:14', 3, 0, NULL, '1', 5, 'Efectivo', 82, 3, 5),
(14, '2017-10-28 18:45:14', 1, 0, NULL, '1', 5, 'Efectivo', 82, 4, 5),
(15, '2017-10-28 18:57:45', 1, 0, NULL, '1', 6, 'Efectivo', 83, 3, 5),
(16, '2017-10-28 18:57:45', 1, 0, NULL, '1', 6, 'Efectivo', 83, 4, 5),
(17, '2017-10-28 18:57:45', 1, 0, NULL, '1', 6, 'Efectivo', 83, 6, 5),
(18, '2017-11-07 20:25:35', 1, 0, NULL, '1', 7, 'Efectivo', 92, 5, 5),
(19, '2017-11-07 20:25:35', 1, 0, NULL, '1', 7, 'Efectivo', 92, 6, 5),
(20, '2017-11-07 20:25:35', 1, 0, NULL, '1', 7, 'Efectivo', 92, 4, 5),
(21, '2017-11-07 20:25:36', 2, 0, NULL, '1', 7, 'Efectivo', 92, 1, 5),
(22, '2017-11-07 20:26:04', 2, 1, NULL, '2', 8, 'Efectivo', 92, 6, 5),
(23, '2017-11-07 20:26:05', 3, 1, NULL, '2', 8, 'Efectivo', 92, 5, 5),
(24, '2017-11-07 20:26:12', 3, 0, NULL, '3', 9, 'Efectivo', 92, 4, 5),
(25, '2017-11-07 21:41:23', 1, 0, NULL, '1', 10, 'Tarjeta', 103, 3, 5),
(26, '2017-11-07 21:41:23', 1, 0, NULL, '1', 10, 'Tarjeta', 103, 5, 5),
(27, '2017-11-07 21:41:40', 1, 1, NULL, '2', 11, 'Efectivo', 103, 5, 5),
(28, '2017-11-07 21:41:50', 1, 0, NULL, '3', 12, 'Tarjeta', 103, 4, 5),
(29, '2017-11-07 21:42:27', 1, 0, NULL, '4', 13, 'Tarjeta', 103, 3, 5),
(30, '2017-11-07 21:42:27', 1, 0, NULL, '4', 13, 'Tarjeta', 103, 4, 5),
(31, '2017-11-07 21:42:27', 1, 0, NULL, '4', 13, 'Tarjeta', 103, 6, 5),
(32, '2017-11-07 21:42:39', 1, 0, NULL, '5', 14, 'Tarjeta', 103, 3, 5),
(33, '2017-11-07 21:53:52', 1, 0, NULL, '1', 15, 'Tarjeta', 106, 5, 5),
(34, '2017-11-07 21:54:02', 1, 1, NULL, '2', 16, 'Efectivo', 106, 1, 5),
(35, '2017-11-07 21:54:17', 1, 0, NULL, '3', 17, 'Efectivo', 106, 3, 5),
(36, '2017-11-07 21:54:17', 1, 0, NULL, '3', 17, 'Efectivo', 106, 4, 5),
(37, '2017-11-07 21:54:18', 1, 0, NULL, '3', 17, 'Efectivo', 106, 5, 5),
(38, '2017-11-07 21:54:18', 1, 0, NULL, '3', 17, 'Efectivo', 106, 6, 5),
(39, '2017-11-08 18:53:31', 1, 0, NULL, '1', 18, 'Efectivo', 118, 1, 5),
(40, '2017-11-08 18:53:31', 3, 0, NULL, '1', 18, 'Efectivo', 118, 5, 5),
(41, '2017-11-08 18:53:32', 2, 0, NULL, '1', 18, 'Efectivo', 118, 6, 5),
(42, '2017-11-08 18:53:50', 2, 0, NULL, '2', 19, 'Efectivo', 118, 4, 5),
(43, '2017-11-08 18:53:50', 1, 0, NULL, '2', 19, 'Efectivo', 118, 2, 5),
(44, '2017-11-08 19:02:56', 2, 1, NULL, '1', 20, 'Efectivo', 119, 3, 5),
(45, '2017-11-08 19:02:56', 1, 1, NULL, '1', 20, 'Efectivo', 119, 6, 5),
(46, '2017-11-08 19:03:07', 1, 1, NULL, '2', 21, 'Tarjeta', 119, 5, 5),
(47, '2017-11-08 19:07:39', 1, 0, NULL, '1', 22, 'Tarjeta', 121, 6, 5),
(48, '2017-11-08 19:07:39', 1, 0, NULL, '1', 22, 'Tarjeta', 121, 4, 5),
(49, '2017-11-08 19:07:39', 1, 0, NULL, '1', 22, 'Tarjeta', 121, 3, 5),
(50, '2017-11-08 19:11:41', 1, 1, NULL, '2', 23, 'Tarjeta', 123, 2, 5),
(51, '2017-11-09 16:36:06', 2, 0, NULL, '1', 24, 'Efectivo', 147, 1, 5),
(52, '2017-11-09 16:36:06', 1, 0, NULL, '1', 24, 'Efectivo', 147, 3, 5),
(53, '2017-11-09 16:36:06', 1, 0, NULL, '1', 24, 'Efectivo', 147, 6, 5),
(54, '2017-11-09 16:36:06', 2, 0, NULL, '1', 24, 'Efectivo', 147, 4, 5),
(55, '2017-11-09 16:36:23', 1, 0, NULL, '2', 25, 'Tarjeta', 147, 1, 5),
(56, '2017-11-09 16:36:23', 4, 0, NULL, '2', 25, 'Tarjeta', 147, 6, 5),
(57, '2017-11-09 16:37:18', 3, 0, NULL, '1', 26, 'Tarjeta', 148, 2, 5),
(58, '2017-11-09 16:37:18', 1, 0, NULL, '1', 26, 'Tarjeta', 148, 5, 5),
(59, '2017-11-09 16:37:26', 1, 0, NULL, '2', 27, 'Efectivo', 148, 6, 5),
(60, '2017-11-09 16:37:39', 4, 1, NULL, '3', 28, 'Tarjeta', 148, 4, 5),
(61, '2017-11-09 19:12:22', 1, 0, NULL, '1', 29, 'Efectivo', 161, 6, 5),
(62, '2017-11-09 19:13:14', 1, 0, NULL, '2', 30, 'Tarjeta', 161, 5, 5),
(63, '2017-11-09 19:13:14', 1, 0, NULL, '2', 30, 'Tarjeta', 161, 3, 5),
(64, '2017-11-09 19:13:34', 1, 1, NULL, '3', 31, 'Tarjeta', 161, 2, 5),
(65, '2017-11-09 19:13:34', 1, 1, NULL, '3', 31, 'Tarjeta', 161, 4, 5),
(66, '2017-11-13 16:27:22', 1, 0, NULL, '1', 32, 'Efectivo', 176, 1, 5),
(67, '2017-11-13 16:27:22', 1, 0, NULL, '1', 32, 'Efectivo', 176, 3, 5),
(68, '2017-11-13 16:27:33', 1, 0, NULL, '2', 33, 'Tarjeta', 176, 4, 5),
(69, '2017-11-13 16:27:45', 1, 1, NULL, '3', 34, 'Tarjeta', 176, 2, 5),
(70, '2017-11-13 16:29:26', 1, 0, NULL, '1', 35, 'Efectivo', 179, 5, 5),
(71, '2017-11-13 16:32:02', 1, 0, NULL, '2', 36, 'Tarjeta', 179, 6, 5),
(72, '2017-11-13 16:32:21', 1, 1, NULL, '3', 37, 'Efectivo', 179, 2, 5),
(73, '2017-11-13 16:32:33', 1, 0, NULL, '4', 38, 'Efectivo', 179, 1, 5),
(74, '2017-11-13 16:33:59', 1, 0, NULL, '1', 39, 'Efectivo', 181, 5, 5),
(75, '2017-11-13 16:34:09', 1, 0, NULL, '2', 40, 'Tarjeta', 181, 3, 5),
(76, '2017-11-13 16:34:18', 1, 0, NULL, '3', 41, 'Tarjeta', 181, 4, 5),
(77, '2017-11-13 16:35:11', 1, 1, NULL, '4', 42, 'Efectivo', 182, 6, 5),
(78, '2017-11-13 16:35:11', 1, 1, NULL, '4', 42, 'Efectivo', 182, 1, 5),
(79, '2017-11-13 16:35:20', 1, 0, NULL, '5', 43, 'Tarjeta', 182, 2, 5),
(80, '2017-11-13 16:35:31', 1, 0, NULL, '6', 44, 'Tarjeta', 182, 6, 5),
(81, '2017-11-14 19:59:57', 1, 0, NULL, '1', 45, 'Efectivo', 223, 4, 5),
(82, '2017-11-14 20:02:26', 3, 0, NULL, '1', 46, 'Efectivo', 224, 3, 5),
(83, '2017-11-14 20:02:26', 1, 0, NULL, '1', 46, 'Efectivo', 224, 4, 5),
(84, '2017-11-14 20:02:26', 2, 0, NULL, '1', 46, 'Efectivo', 224, 6, 5),
(85, '2017-11-14 20:02:42', 2, 0, NULL, '2', 47, 'Tarjeta', 224, 6, 5),
(86, '2017-11-14 20:02:42', 3, 0, NULL, '2', 47, 'Tarjeta', 224, 1, 5),
(87, '2017-11-14 20:08:53', 1, 0, NULL, '1', 48, 'Efectivo', 225, 2, 5),
(88, '2017-11-14 20:08:54', 1, 0, NULL, '1', 48, 'Efectivo', 225, 6, 5),
(89, '2017-11-14 20:09:04', 1, 0, NULL, '2', 49, 'Tarjeta', 225, 2, 5),
(90, '2017-11-14 21:12:14', 1, 0, NULL, '1', 50, 'Efectivo', 228, 1, 5),
(91, '2017-11-14 22:01:08', 1, 0, NULL, '1', 51, 'Efectivo', 235, 2, 5),
(92, '2017-11-14 22:10:50', 1, 0, NULL, '1', 52, 'Efectivo', 237, 1, 5),
(93, '2017-11-14 22:45:53', 1, 0, NULL, '1', 53, 'Efectivo', 239, 3, 5),
(94, '2017-11-14 22:49:37', 1, 0, NULL, '1', 54, 'Efectivo', 240, 2, 5),
(95, '2017-11-14 22:55:51', 1, 0, NULL, '1', 55, 'Efectivo', 241, 6, 5),
(96, '2017-11-15 16:36:55', 1, 0, NULL, '1', 56, 'Efectivo', 242, 5, 5),
(97, '2017-11-15 16:37:07', 1, 0, NULL, '2', 57, 'Tarjeta', 242, 4, 5),
(98, '2017-11-15 16:37:07', 1, 0, NULL, '2', 57, 'Tarjeta', 242, 6, 5),
(99, '2017-11-15 16:37:29', 3, 0, NULL, '3', 58, 'Efectivo', 242, 4, 5),
(100, '2017-11-15 16:37:29', 2, 0, NULL, '3', 58, 'Efectivo', 242, 5, 5),
(101, '2017-11-15 16:37:41', 1, 0, NULL, '4', 59, 'Tarjeta', 242, 3, 5),
(102, '2017-11-15 16:41:08', 1, 0, NULL, '1', 60, 'Efectivo', 244, 5, 5),
(103, '2017-11-15 16:44:21', 1, 0, NULL, '1', 61, 'Efectivo', 245, 5, 5),
(104, '2017-11-15 16:46:57', 1, 0, NULL, '1', 62, 'Efectivo', 246, 5, 5),
(105, '2017-11-15 16:48:08', 1, 0, NULL, '1', 63, 'Efectivo', 247, 4, 5),
(106, '2017-11-15 16:51:53', 1, 0, NULL, '1', 64, 'Efectivo', 248, 4, 5),
(107, '2017-11-15 17:04:09', 1, 1, NULL, '1', 65, 'Efectivo', 249, 5, 5),
(108, '2017-11-15 17:26:36', 1, 1, NULL, '1', 66, 'Efectivo', 250, 5, 5),
(109, '2017-11-15 17:27:04', 1, 0, NULL, '2', 67, 'Efectivo', 250, 3, 5),
(110, '2017-11-15 17:38:37', 1, 0, NULL, '1', 68, 'Efectivo', 251, 1, 5),
(111, '2017-11-15 17:39:12', 1, 1, NULL, '2', 69, 'Efectivo', 251, 3, 5),
(112, '2017-11-15 17:39:12', 3, 1, NULL, '2', 69, 'Efectivo', 251, 2, 5),
(113, '2017-11-15 17:41:33', 1, 1, NULL, '1', 70, 'Efectivo', 252, 1, 5),
(114, '2017-11-15 17:42:48', 1, 1, NULL, '2', 71, 'Efectivo', 252, 2, 5),
(115, '2017-11-15 17:42:49', 2, 1, NULL, '2', 71, 'Efectivo', 252, 3, 5),
(116, '2017-11-15 17:42:49', 3, 1, NULL, '2', 71, 'Efectivo', 252, 4, 5),
(117, '2017-11-15 17:43:28', 1, 0, NULL, '3', 72, 'Tarjeta', 252, 6, 5),
(118, '2017-11-15 17:43:29', 1, 0, NULL, '3', 72, 'Tarjeta', 252, 5, 5),
(119, '2017-11-15 17:43:29', 1, 0, NULL, '3', 72, 'Tarjeta', 252, 4, 5),
(120, '2017-11-15 17:43:29', 2, 0, NULL, '3', 72, 'Tarjeta', 252, 1, 5),
(121, '2017-11-15 17:48:47', 1, 0, NULL, '1', 73, 'Efectivo', 253, 1, 5),
(122, '2017-11-15 17:48:57', 1, 1, 'por puros huevitos', '2', 74, 'Tarjeta', 253, 2, 5),
(123, '2017-11-15 17:48:57', 1, 1, 'por puros huevitos', '2', 74, 'Tarjeta', 253, 3, 5),
(124, '2017-11-15 17:49:09', 1, 0, NULL, '3', 75, 'Efectivo', 253, 5, 5),
(125, '2017-11-15 17:49:10', 1, 0, NULL, '3', 75, 'Efectivo', 253, 6, 5),
(126, '2017-11-15 17:49:10', 1, 0, NULL, '3', 75, 'Efectivo', 253, 4, 5),
(127, '2017-11-15 17:53:14', 1, 0, NULL, '1', 76, 'Efectivo', 254, 1, 5),
(128, '2017-11-15 17:53:25', 1, 1, 'por mi testiculos', '2', 77, 'Tarjeta', 254, 1, 5),
(129, '2017-11-15 17:53:25', 2, 1, 'por mi testiculos', '2', 77, 'Tarjeta', 254, 2, 5),
(130, '2017-11-15 17:53:41', 1, 0, NULL, '3', 78, 'Efectivo', 254, 1, 5),
(131, '2017-11-15 17:53:42', 2, 0, NULL, '3', 78, 'Efectivo', 254, 2, 5),
(132, '2017-11-15 17:53:42', 3, 0, NULL, '3', 78, 'Efectivo', 254, 3, 5),
(133, '2017-11-24 17:07:57', 1, 0, NULL, '1', 79, 'Efectivo', 284, 9, 5),
(134, '2017-11-24 17:07:57', 1, 0, NULL, '1', 79, 'Efectivo', 284, 13, 5),
(135, '2017-11-24 17:07:58', 1, 0, NULL, '1', 79, 'Efectivo', 284, 14, 5),
(136, '2017-11-24 17:10:34', 1, 1, 'namas por mamon :D', '2', 80, 'Tarjeta', 284, 10, 5),
(137, '2017-11-24 17:10:34', 1, 1, 'namas por mamon :D', '2', 80, 'Tarjeta', 284, 12, 5),
(138, '2017-11-24 17:10:51', 2, 0, NULL, '3', 81, 'Efectivo', 284, 11, 5),
(139, '2017-11-24 17:11:02', 1, 1, 'por puros huevitos', '4', 82, 'Tarjeta', 284, 7, 5),
(140, '2017-11-24 17:53:40', 1, 0, NULL, '1', 83, 'Tarjeta', 286, 8, 5),
(141, '2017-11-24 17:53:40', 2, 0, NULL, '1', 83, 'Tarjeta', 286, 9, 5),
(142, '2017-11-24 17:53:56', 1, 1, 'no le alcanzo al pendejete', '2', 84, 'Efectivo', 286, 10, 5),
(143, '2017-11-24 17:53:56', 1, 1, 'no le alcanzo al pendejete', '2', 84, 'Efectivo', 286, 12, 5),
(144, '2017-11-24 17:54:43', 2, 0, NULL, '3', 85, 'Tarjeta', 286, 7, 5);

--
-- Disparadores `venta`
--
DELIMITER $$
CREATE TRIGGER `venta_AFTER_INSERT` AFTER INSERT ON `venta` FOR EACH ROW BEGIN
UPDATE producto
SET stock = stock - NEW.cantidad
WHERE idproducto = NEW.producto_idproducto;
END
$$
DELIMITER ;

--
-- Índices para tablas volcadas
--

--
-- Indices de la tabla `almacen`
--
ALTER TABLE `almacen`
  ADD PRIMARY KEY (`idalmacen`);

--
-- Indices de la tabla `clipro`
--
ALTER TABLE `clipro`
  ADD PRIMARY KEY (`idclipro`);

--
-- Indices de la tabla `compra`
--
ALTER TABLE `compra`
  ADD PRIMARY KEY (`idcompra`),
  ADD KEY `fk_compra_producto1_idx` (`producto_idproducto`),
  ADD KEY `fk_compra_clipro1_idx` (`clipro_idclipro`);

--
-- Indices de la tabla `garantia`
--
ALTER TABLE `garantia`
  ADD PRIMARY KEY (`idgarantia`);

--
-- Indices de la tabla `login`
--
ALTER TABLE `login`
  ADD PRIMARY KEY (`idlogin`),
  ADD KEY `fk_login_usuario1_idx` (`usuario_idusuario`);

--
-- Indices de la tabla `producto`
--
ALTER TABLE `producto`
  ADD PRIMARY KEY (`idproducto`),
  ADD KEY `fk_producto_garantia1_idx` (`garantia_idgarantia`),
  ADD KEY `fk_producto_almacen1_idx` (`almacen_idalmacen`);

--
-- Indices de la tabla `usuario`
--
ALTER TABLE `usuario`
  ADD PRIMARY KEY (`idusuario`);

--
-- Indices de la tabla `venta`
--
ALTER TABLE `venta`
  ADD PRIMARY KEY (`idventa`),
  ADD KEY `fk_venta_login1_idx` (`login_idlogin`),
  ADD KEY `fk_venta_producto1_idx` (`producto_idproducto`),
  ADD KEY `fk_venta_clipro1_idx` (`clipro_idclipro`);

--
-- AUTO_INCREMENT de las tablas volcadas
--

--
-- AUTO_INCREMENT de la tabla `almacen`
--
ALTER TABLE `almacen`
  MODIFY `idalmacen` int(11) NOT NULL AUTO_INCREMENT, AUTO_INCREMENT=2;

--
-- AUTO_INCREMENT de la tabla `clipro`
--
ALTER TABLE `clipro`
  MODIFY `idclipro` int(11) NOT NULL AUTO_INCREMENT, AUTO_INCREMENT=7;

--
-- AUTO_INCREMENT de la tabla `compra`
--
ALTER TABLE `compra`
  MODIFY `idcompra` int(11) NOT NULL AUTO_INCREMENT, AUTO_INCREMENT=8;

--
-- AUTO_INCREMENT de la tabla `garantia`
--
ALTER TABLE `garantia`
  MODIFY `idgarantia` int(11) NOT NULL AUTO_INCREMENT, AUTO_INCREMENT=2;

--
-- AUTO_INCREMENT de la tabla `login`
--
ALTER TABLE `login`
  MODIFY `idlogin` int(11) NOT NULL AUTO_INCREMENT, AUTO_INCREMENT=288;

--
-- AUTO_INCREMENT de la tabla `producto`
--
ALTER TABLE `producto`
  MODIFY `idproducto` int(11) NOT NULL AUTO_INCREMENT, AUTO_INCREMENT=15;

--
-- AUTO_INCREMENT de la tabla `usuario`
--
ALTER TABLE `usuario`
  MODIFY `idusuario` int(11) NOT NULL AUTO_INCREMENT, AUTO_INCREMENT=4;

--
-- AUTO_INCREMENT de la tabla `venta`
--
ALTER TABLE `venta`
  MODIFY `idventa` int(11) NOT NULL AUTO_INCREMENT, AUTO_INCREMENT=145;

--
-- Restricciones para tablas volcadas
--

--
-- Filtros para la tabla `compra`
--
ALTER TABLE `compra`
  ADD CONSTRAINT `fk_compra_clipro1` FOREIGN KEY (`clipro_idclipro`) REFERENCES `clipro` (`idclipro`) ON DELETE NO ACTION ON UPDATE NO ACTION,
  ADD CONSTRAINT `fk_compra_producto1` FOREIGN KEY (`producto_idproducto`) REFERENCES `producto` (`idproducto`) ON DELETE NO ACTION ON UPDATE NO ACTION;

--
-- Filtros para la tabla `login`
--
ALTER TABLE `login`
  ADD CONSTRAINT `fk_login_usuario1` FOREIGN KEY (`usuario_idusuario`) REFERENCES `usuario` (`idusuario`) ON DELETE NO ACTION ON UPDATE NO ACTION;

--
-- Filtros para la tabla `producto`
--
ALTER TABLE `producto`
  ADD CONSTRAINT `fk_producto_almacen1` FOREIGN KEY (`almacen_idalmacen`) REFERENCES `almacen` (`idalmacen`) ON DELETE NO ACTION ON UPDATE NO ACTION,
  ADD CONSTRAINT `fk_producto_garantia1` FOREIGN KEY (`garantia_idgarantia`) REFERENCES `garantia` (`idgarantia`) ON DELETE NO ACTION ON UPDATE NO ACTION;

--
-- Filtros para la tabla `venta`
--
ALTER TABLE `venta`
  ADD CONSTRAINT `fk_venta_clipro1` FOREIGN KEY (`clipro_idclipro`) REFERENCES `clipro` (`idclipro`) ON DELETE NO ACTION ON UPDATE NO ACTION,
  ADD CONSTRAINT `fk_venta_login1` FOREIGN KEY (`login_idlogin`) REFERENCES `login` (`idlogin`) ON DELETE NO ACTION ON UPDATE NO ACTION,
  ADD CONSTRAINT `fk_venta_producto1` FOREIGN KEY (`producto_idproducto`) REFERENCES `producto` (`idproducto`) ON DELETE NO ACTION ON UPDATE NO ACTION;
COMMIT;

/*!40101 SET CHARACTER_SET_CLIENT=@OLD_CHARACTER_SET_CLIENT */;
/*!40101 SET CHARACTER_SET_RESULTS=@OLD_CHARACTER_SET_RESULTS */;
/*!40101 SET COLLATION_CONNECTION=@OLD_COLLATION_CONNECTION */;
